,Population,Mean Energy,Mean Energy Patient,Mean Energy Impulsive,Mean Lambda x100,Lambda Variance x1000,Patient Fraction,Impulsive Fraction,Deaths Patient,Deaths Impulsive
0,99,0.7878787878787878,0.0,2.0,28.714036802005673,17.3867305765051,0.6060606060606061,0.3939393939393939,0,1
1,99,1.5757575757575757,0.0,4.0,28.714036802005673,17.3867305765051,0.6060606060606061,0.3939393939393939,0,1
2,99,2.3636363636363638,0.0,6.0,28.714036802005673,17.3867305765051,0.6060606060606061,0.3939393939393939,0,1
3,99,3.1515151515151514,0.0,8.0,28.714036802005673,17.3867305765051,0.6060606060606061,0.3939393939393939,0,1
4,98,3.979591836734694,0.0,10.0,28.706142740386,17.563529264165034,0.6020408163265306,0.3979591836734694,1,1
5,97,4.701030927835052,0.0,12.0,28.56953343256793,17.561707966937945,0.6082474226804123,0.3917525773195876,1,2
6,97,5.484536082474227,0.0,14.0,28.56953343256793,17.561707966937945,0.6082474226804123,0.3917525773195876,1,2
7,95,18.442105263157895,20.0,16.0,28.70350300073078,17.24244189215127,0.6105263157894737,0.3894736842105263,2,3
8,94,19.21276595744681,20.0,18.0,28.891170670646552,17.09129015889616,0.6063829787234043,0.39361702127659576,3,3
9,94,20.0,20.0,20.0,28.891170670646552,17.09129015889616,0.6063829787234043,0.39361702127659576,3,3
10,93,20.795698924731184,20.0,22.0,29.116977961160952,16.79577150740781,0.6021505376344086,0.3978494623655914,4,3
11,89,21.573033707865168,20.0,24.0,28.972081817990983,16.56099249834034,0.6067415730337079,0.39325842696629215,6,5
12,89,22.359550561797754,20.0,26.0,28.972081817990983,16.56099249834034,0.6067415730337079,0.39325842696629215,6,5
13,86,23.162790697674417,20.0,28.0,28.892230615363477,16.685000264007957,0.6046511627906976,0.3953488372093023,8,6
14,84,24.047619047619047,20.0,30.0,29.27101499175213,16.345715801115748,0.5952380952380952,0.40476190476190477,10,6
15,83,36.81927710843374,40.0,32.0,29.079045169852765,16.233091870900342,0.6024096385542169,0.39759036144578314,10,7
16,82,37.65853658536585,40.0,34.0,28.960201121787083,16.313827971498025,0.6097560975609756,0.3902439024390244,10,8
17,81,38.46913580246913,40.0,36.0,28.83486000014146,16.386408001538626,0.6172839506172839,0.38271604938271603,10,9
18,78,39.23076923076923,40.0,38.0,28.903200549272324,16.046782070482504,0.6153846153846154,0.38461538461538464,12,10
19,77,40.0,40.0,40.0,29.142148161062575,15.80983334042556,0.6103896103896104,0.38961038961038963,13,10
20,73,40.794520547945204,40.0,42.0,29.60736713791808,15.033921851953206,0.6027397260273972,0.3972602739726027,16,11
21,73,41.58904109589041,40.0,44.0,29.60736713791808,15.033921851953206,0.6027397260273972,0.3972602739726027,16,11
22,69,42.43478260869565,40.0,46.0,29.80932660734271,15.554643994081083,0.5942028985507246,0.4057971014492754,19,12
23,69,55.130434782608695,60.0,48.0,29.80932660734271,15.554643994081083,0.5942028985507246,0.4057971014492754,19,12
24,67,55.82089552238806,60.0,50.0,30.065371103698656,15.486055456169618,0.582089552238806,0.417910447761194,21,12
25,67,56.656716417910445,60.0,52.0,30.065371103698656,15.486055456169618,0.582089552238806,0.417910447761194,21,12
26,66,57.45454545454545,60.0,54.0,30.27035694423433,15.439164054756205,0.5757575757575758,0.42424242424242425,22,12
27,66,58.303030303030305,60.0,56.0,30.27035694423433,15.439164054756205,0.5757575757575758,0.42424242424242425,22,12
28,64,59.15625,60.0,58.0,30.490093556809583,15.393139492686048,0.578125,0.421875,23,13
29,64,60.0,60.0,60.0,30.490093556809583,15.393139492686048,0.578125,0.421875,23,13
30,60,60.766666666666666,60.0,62.0,29.43580626688513,14.452189396626691,0.6166666666666667,0.38333333333333336,23,17
31,59,73.76271186440678,80.0,64.0,29.6164577432599,14.501332023783062,0.6101694915254238,0.3898305084745763,24,17
32,56,74.5,80.0,66.0,29.936385897924936,13.76282333770064,0.6071428571428571,0.39285714285714285,26,18
33,54,75.11111111111111,80.0,68.0,30.358697243720016,13.701914203659793,0.5925925925925926,0.4074074074074074,28,18
34,54,75.92592592592592,80.0,70.0,30.358697243720016,13.701914203659793,0.5925925925925926,0.4074074074074074,28,18
35,51,76.70588235294117,80.0,72.0,30.673643551328404,13.833351102631056,0.5882352941176471,0.4117647058823529,30,19
36,48,77.625,80.0,74.0,30.73409268951299,13.489709016269918,0.6041666666666666,0.3958333333333333,31,21
37,47,78.38297872340425,80.0,76.0,30.91181642056277,13.625112623746856,0.5957446808510638,0.40425531914893614,32,21
38,46,79.17391304347827,80.0,78.0,31.019689278803348,13.86661892260163,0.5869565217391305,0.41304347826086957,33,21
39,46,91.73913043478261,100.0,80.0,31.019689278803348,13.86661892260163,0.5869565217391305,0.41304347826086957,33,21
40,46,92.56521739130434,100.0,82.0,31.019689278803348,13.86661892260163,0.5869565217391305,0.41304347826086957,33,21
41,46,93.3913043478261,100.0,84.0,31.019689278803348,13.86661892260163,0.5869565217391305,0.41304347826086957,33,21
42,46,94.21739130434783,100.0,86.0,31.019689278803348,13.86661892260163,0.5869565217391305,0.41304347826086957,33,21
43,45,95.2,100.0,88.0,30.698322069208654,13.699692346118242,0.6,0.4,33,22
44,44,95.9090909090909,100.0,90.0,30.668634288876355,14.00708285099344,0.5909090909090909,0.4090909090909091,34,22
45,43,96.65116279069767,100.0,92.0,30.983596934739243,13.896342503335875,0.5813953488372093,0.4186046511627907,35,22
46,43,97.48837209302326,100.0,94.0,30.983596934739243,13.896342503335875,0.5813953488372093,0.4186046511627907,35,22
47,43,109.95348837209302,120.0,96.0,30.983596934739243,13.896342503335875,0.5813953488372093,0.4186046511627907,35,22
48,41,110.8780487804878,120.0,98.0,30.944683835217692,13.496419826913844,0.5853658536585366,0.4146341463414634,36,23
49,39,111.7948717948718,120.0,100.0,30.89705098939921,14.122991483563831,0.5897435897435898,0.41025641025641024,37,24
50,38,112.42105263157895,120.0,102.0,31.013302884038247,14.441942592455991,0.5789473684210527,0.42105263157894735,38,24
51,33,112.72727272727273,120.0,104.0,32.187590516068454,13.231524218639908,0.5454545454545454,0.45454545454545453,42,25
52,29,113.24137931034483,120.0,106.0,32.36202749858722,13.58893228750114,0.5172413793103449,0.4827586206896552,45,26
53,28,114.42857142857143,120.0,108.0,31.802610823302878,13.166704949669112,0.5357142857142857,0.4642857142857143,45,27
54,27,115.55555555555556,120.0,110.0,31.355401750893193,13.094372016098271,0.5555555555555556,0.4444444444444444,45,28
55,26,127.07692307692308,140.0,112.0,31.715776939535395,13.247351962235088,0.5384615384615384,0.46153846153846156,46,28
56,25,128.56,140.0,114.0,31.076589094397136,12.714987177156,0.56,0.44,46,29
57,22,130.1818181818182,140.0,116.0,29.980468735106612,11.658111352688925,0.5909090909090909,0.4090909090909091,47,31
58,22,131.0,140.0,118.0,29.980468735106612,11.658111352688925,0.5909090909090909,0.4090909090909091,47,31
59,22,131.8181818181818,140.0,120.0,29.980468735106612,11.658111352688925,0.5909090909090909,0.4090909090909091,47,31
60,20,132.8,140.0,122.0,29.877730875348995,12.737335044859693,0.6,0.4,48,32
61,19,133.26315789473685,140.0,124.0,31.084280602390137,10.496196612206207,0.5789473684210527,0.42105263157894735,49,32
62,18,133.77777777777777,140.0,126.0,31.69036565974973,10.381374362383951,0.5555555555555556,0.4444444444444444,50,32
63,15,142.93333333333334,160.0,128.0,33.412964184124704,10.547460868802975,0.4666666666666667,0.5333333333333333,53,32
64,12,142.5,160.0,130.0,33.041378420736145,11.884333903009054,0.4166666666666667,0.5833333333333334,55,33
65,12,143.66666666666666,160.0,132.0,33.041378420736145,11.884333903009054,0.4166666666666667,0.5833333333333334,55,33
66,11,143.45454545454547,160.0,134.0,34.18727666675874,11.389028545906509,0.36363636363636365,0.6363636363636364,56,33
67,9,144.0,160.0,136.0,33.59601379228109,11.969411300762953,0.3333333333333333,0.6666666666666666,57,34
68,9,145.33333333333334,160.0,138.0,33.59601379228109,11.969411300762953,0.3333333333333333,0.6666666666666666,57,34
69,9,146.66666666666666,160.0,140.0,33.59601379228109,11.969411300762953,0.3333333333333333,0.6666666666666666,57,34
70,8,146.5,160.0,142.0,35.641913956653305,9.698450979037911,0.25,0.75,58,34
71,7,154.28571428571428,180.0,144.0,34.161933855594576,9.331671096419473,0.2857142857142857,0.7142857142857143,58,35
72,6,151.66666666666666,180.0,146.0,36.359295312901246,7.507071450649565,0.16666666666666666,0.8333333333333334,59,35
73,6,153.33333333333334,180.0,148.0,36.359295312901246,7.507071450649565,0.16666666666666666,0.8333333333333334,59,35
74,6,155.0,180.0,150.0,36.359295312901246,7.507071450649565,0.16666666666666666,0.8333333333333334,59,35
75,5,157.6,180.0,152.0,36.46761940753244,9.001445275092875,0.2,0.8,59,36
76,5,159.2,180.0,154.0,36.46761940753244,9.001445275092875,0.2,0.8,59,36
77,5,160.8,180.0,156.0,36.46761940753244,9.001445275092875,0.2,0.8,59,36
78,4,163.5,180.0,158.0,33.594462951079876,7.12429258223857,0.25,0.75,59,37
79,3,173.33333333333334,200.0,160.0,30.280978301018706,5.1073845658417,0.3333333333333333,0.6666666666666666,59,38
80,2,181.0,200.0,162.0,28.54108886389552,6.752912272738699,0.5,0.5,59,39
81,2,182.0,200.0,164.0,28.54108886389552,6.752912272738699,0.5,0.5,59,39
82,2,183.0,200.0,166.0,28.54108886389552,6.752912272738699,0.5,0.5,59,39
83,2,184.0,200.0,168.0,28.54108886389552,6.752912272738699,0.5,0.5,59,39
84,2,185.0,200.0,170.0,28.54108886389552,6.752912272738699,0.5,0.5,59,39
85,2,186.0,200.0,172.0,28.54108886389552,6.752912272738699,0.5,0.5,59,39
86,0,,,,,,,,60,40
87,0,,,,,,,,60,40
88,0,,,,,,,,60,40
89,0,,,,,,,,60,40
90,0,,,,,,,,60,40
91,0,,,,,,,,60,40
92,0,,,,,,,,60,40
93,0,,,,,,,,60,40
94,0,,,,,,,,60,40
95,0,,,,,,,,60,40
96,0,,,,,,,,60,40
97,0,,,,,,,,60,40
98,0,,,,,,,,60,40
99,0,,,,,,,,60,40
100,0,,,,,,,,60,40
101,0,,,,,,,,60,40
102,0,,,,,,,,60,40
103,0,,,,,,,,60,40
104,0,,,,,,,,60,40
105,0,,,,,,,,60,40
106,0,,,,,,,,60,40
107,0,,,,,,,,60,40
108,0,,,,,,,,60,40
109,0,,,,,,,,60,40
110,0,,,,,,,,60,40
111,0,,,,,,,,60,40
112,0,,,,,,,,60,40
113,0,,,,,,,,60,40
114,0,,,,,,,,60,40
115,0,,,,,,,,60,40
116,0,,,,,,,,60,40
117,0,,,,,,,,60,40
118,0,,,,,,,,60,40
119,0,,,,,,,,60,40
