AgentID,Step,Age,Lambda,Strategy,Energy,DeathCause,Environment,Replicate
92,8,17,0.09095717076015315,patient,0.0,energy,Volatile,1000
15,8,17,0.19375374982974514,patient,0.0,energy,Volatile,1000
2,8,17,0.2906076836618949,intermediate,0.0,energy,Volatile,1000
30,8,17,0.2606859938725857,intermediate,0.0,energy,Volatile,1000
6,8,17,0.06832507889973086,patient,0.0,energy,Volatile,1000
85,8,17,0.14098628790143036,patient,0.0,energy,Volatile,1000
91,8,17,0.25663625663265655,intermediate,0.0,energy,Volatile,1000
51,8,17,0.15019571821367161,patient,0.0,energy,Volatile,1000
32,8,17,0.06972259422517688,patient,0.0,energy,Volatile,1000
11,8,17,0.12211868039279085,patient,0.0,energy,Volatile,1000
54,8,17,0.11771575580063265,patient,0.0,energy,Volatile,1000
19,8,17,0.1980306258577701,patient,0.0,energy,Volatile,1000
63,8,17,0.2646320995073581,intermediate,0.0,energy,Volatile,1000
21,8,17,0.18143541602649893,patient,0.0,energy,Volatile,1000
62,8,17,0.25251322002682874,intermediate,0.0,energy,Volatile,1000
1,8,17,0.20883673003556547,intermediate,0.0,energy,Volatile,1000
49,8,17,0.23994654601373794,intermediate,0.0,energy,Volatile,1000
17,8,17,0.18221312105080356,patient,0.0,energy,Volatile,1000
46,8,17,0.07795613445460364,patient,0.0,energy,Volatile,1000
95,8,17,0.23780000805322843,intermediate,0.0,energy,Volatile,1000
36,8,17,0.20329965834352365,intermediate,0.0,energy,Volatile,1000
13,8,17,0.18095721739056359,patient,0.0,energy,Volatile,1000
40,8,17,0.17211872544485834,patient,0.0,energy,Volatile,1000
58,8,17,0.23097447573738372,intermediate,0.0,energy,Volatile,1000
12,8,17,0.19132793595177822,patient,0.0,energy,Volatile,1000
20,8,17,0.11430534573197837,patient,0.0,energy,Volatile,1000
60,8,17,0.11373193584839089,patient,0.0,energy,Volatile,1000
82,8,17,0.1587060759526892,patient,0.0,energy,Volatile,1000
44,8,17,0.23281736721673763,intermediate,0.0,energy,Volatile,1000
29,8,17,0.09460160709015038,patient,0.0,energy,Volatile,1000
50,8,17,0.19843219905566012,patient,0.0,energy,Volatile,1000
96,8,17,0.29259962865657,intermediate,0.0,energy,Volatile,1000
34,8,17,0.0942866506687299,patient,0.0,energy,Volatile,1000
89,8,17,0.05026329902099075,patient,0.0,energy,Volatile,1000
14,8,17,0.13744880451489255,patient,0.0,energy,Volatile,1000
42,8,17,0.2887585437667677,intermediate,0.0,energy,Volatile,1000
28,8,17,0.05283842945536488,patient,0.0,energy,Volatile,1000
5,8,17,0.15244836404311946,patient,0.0,energy,Volatile,1000
16,8,17,0.210756630292115,intermediate,0.0,energy,Volatile,1000
87,8,17,0.14947432864534665,patient,0.0,energy,Volatile,1000
33,8,17,0.09653230424690301,patient,0.0,energy,Volatile,1000
59,28,37,0.24514440057742576,intermediate,0.0,energy,Volatile,1000
57,28,37,0.20436618178088745,intermediate,0.0,energy,Volatile,1000
53,28,37,0.06718776483323019,patient,0.0,energy,Volatile,1000
93,28,37,0.26948272200210543,intermediate,0.0,energy,Volatile,1000
66,28,37,0.11532236326459304,patient,0.0,energy,Volatile,1000
22,28,37,0.10687339970750354,patient,0.0,energy,Volatile,1000
39,28,37,0.17577174025215575,patient,0.0,energy,Volatile,1000
24,28,37,0.1815852138496017,patient,0.0,energy,Volatile,1000
3,28,37,0.1498188465987113,patient,0.0,energy,Volatile,1000
64,48,57,0.2892421177335013,intermediate,0.0,energy,Volatile,1000
18,48,57,0.2682409090420036,intermediate,0.0,energy,Volatile,1000
8,68,77,0.06048205192569727,patient,0.0,energy,Volatile,1000
94,108,117,0.2695202974600556,intermediate,0.0,energy,Volatile,1000
78,8,17,0.3167735650520211,intermediate,0.0,energy,Volatile,1001
18,8,17,0.06732203123411278,patient,0.0,energy,Volatile,1001
81,8,17,0.18356557877354995,patient,0.0,energy,Volatile,1001
10,8,17,0.24555128154744615,intermediate,0.0,energy,Volatile,1001
64,8,17,0.12637160084131419,patient,0.0,energy,Volatile,1001
87,8,17,0.296156492813037,intermediate,0.0,energy,Volatile,1001
93,8,17,0.060916696269694925,patient,0.0,energy,Volatile,1001
22,8,17,0.315910105867079,intermediate,0.0,energy,Volatile,1001
73,8,17,0.09204661233248648,patient,0.0,energy,Volatile,1001
11,8,17,0.30041843583002453,intermediate,0.0,energy,Volatile,1001
47,8,17,0.19954661485627662,patient,0.0,energy,Volatile,1001
31,8,17,0.2638057672432851,intermediate,0.0,energy,Volatile,1001
98,8,17,0.26283558762331494,intermediate,0.0,energy,Volatile,1001
14,8,17,0.14508110435715352,patient,0.0,energy,Volatile,1001
41,8,17,0.28823284893168793,intermediate,0.0,energy,Volatile,1001
40,8,17,0.14047040217119441,patient,0.0,energy,Volatile,1001
66,8,17,0.26038342308876594,intermediate,0.0,energy,Volatile,1001
61,8,17,0.21707915839676312,intermediate,0.0,energy,Volatile,1001
27,8,17,0.15089226700890435,patient,0.0,energy,Volatile,1001
49,8,17,0.10278615590673856,patient,0.0,energy,Volatile,1001
90,8,17,0.20236995703349314,intermediate,0.0,energy,Volatile,1001
36,8,17,0.13282508576601842,patient,0.0,energy,Volatile,1001
33,8,17,0.22581894275403208,intermediate,0.0,energy,Volatile,1001
75,8,17,0.28435279149514747,intermediate,0.0,energy,Volatile,1001
88,28,37,0.27905538610388303,intermediate,0.0,energy,Volatile,1001
12,28,37,0.18797539775717165,patient,0.0,energy,Volatile,1001
37,28,37,0.3005452643880943,intermediate,0.0,energy,Volatile,1001
30,28,37,0.3249588597391952,intermediate,0.0,energy,Volatile,1001
57,28,37,0.17583799181496323,patient,0.0,energy,Volatile,1001
52,28,37,0.26268615786712585,intermediate,0.0,energy,Volatile,1001
79,28,37,0.13186857565898255,patient,0.0,energy,Volatile,1001
21,48,57,0.3264031312625433,intermediate,0.0,energy,Volatile,1001
95,68,77,0.14715270025544686,patient,0.0,energy,Volatile,1001
45,108,117,0.2536492113649125,intermediate,0.0,energy,Volatile,1001
90,8,17,0.07176420096381324,patient,0.0,energy,Volatile,1002
68,8,17,0.29935221365706016,intermediate,0.0,energy,Volatile,1002
29,8,17,0.20585102386983695,intermediate,0.0,energy,Volatile,1002
48,8,17,0.08883194428761454,patient,0.0,energy,Volatile,1002
63,8,17,0.31607041510127193,intermediate,0.0,energy,Volatile,1002
94,8,17,0.32490724817221933,intermediate,0.0,energy,Volatile,1002
5,8,17,0.23949000695752926,intermediate,0.0,energy,Volatile,1002
17,8,17,0.07134349548579133,patient,0.0,energy,Volatile,1002
79,8,17,0.13235083127256267,patient,0.0,energy,Volatile,1002
7,8,17,0.19034979685994385,patient,0.0,energy,Volatile,1002
14,8,17,0.08830356252971255,patient,0.0,energy,Volatile,1002
40,8,17,0.06341200618622427,patient,0.0,energy,Volatile,1002
84,8,17,0.1475421642432681,patient,0.0,energy,Volatile,1002
52,8,17,0.30901292298149646,intermediate,0.0,energy,Volatile,1002
86,8,17,0.07793836006954981,patient,0.0,energy,Volatile,1002
12,8,17,0.22607042670960648,intermediate,0.0,energy,Volatile,1002
18,8,17,0.07775762523135674,patient,0.0,energy,Volatile,1002
10,8,17,0.18021357219728862,patient,0.0,energy,Volatile,1002
3,8,17,0.09192249006237768,patient,0.0,energy,Volatile,1002
67,8,17,0.17421549273432185,patient,0.0,energy,Volatile,1002
60,8,17,0.3019096754034167,intermediate,0.0,energy,Volatile,1002
80,8,17,0.3246915759854337,intermediate,0.0,energy,Volatile,1002
75,8,17,0.2232744929794926,intermediate,0.0,energy,Volatile,1002
25,8,17,0.24365952474988134,intermediate,0.0,energy,Volatile,1002
64,8,17,0.2678018262028083,intermediate,0.0,energy,Volatile,1002
77,8,17,0.13110840831668297,patient,0.0,energy,Volatile,1002
4,8,17,0.07164410322095349,patient,0.0,energy,Volatile,1002
83,8,17,0.20573188328842318,intermediate,0.0,energy,Volatile,1002
95,8,17,0.18776269679042168,patient,0.0,energy,Volatile,1002
57,8,17,0.15371234374132314,patient,0.0,energy,Volatile,1002
66,8,17,0.16323900843491257,patient,0.0,energy,Volatile,1002
74,8,17,0.15680117935025964,patient,0.0,energy,Volatile,1002
44,8,17,0.13009218057432018,patient,0.0,energy,Volatile,1002
45,8,17,0.16756091530972328,patient,0.0,energy,Volatile,1002
76,8,17,0.09836139998294074,patient,0.0,energy,Volatile,1002
33,28,37,0.22110450662329395,intermediate,0.0,energy,Volatile,1002
24,28,37,0.2270468588199272,intermediate,0.0,energy,Volatile,1002
26,28,37,0.17363827049683572,patient,0.0,energy,Volatile,1002
30,28,37,0.2404030647840788,intermediate,0.0,energy,Volatile,1002
39,28,37,0.18950589985213845,patient,0.0,energy,Volatile,1002
85,48,57,0.14060998924962198,patient,0.0,energy,Volatile,1002
54,48,57,0.16103506686472696,patient,0.0,energy,Volatile,1002
41,68,77,0.15183245736113068,patient,0.0,energy,Volatile,1002
53,68,77,0.2044739515045358,intermediate,0.0,energy,Volatile,1002
99,68,77,0.12334012474689302,patient,0.0,energy,Volatile,1002
44,8,17,0.26389298621731394,intermediate,0.0,energy,Volatile,1003
19,8,17,0.22410544972064567,intermediate,0.0,energy,Volatile,1003
75,8,17,0.24392491565083851,intermediate,0.0,energy,Volatile,1003
38,8,17,0.18497812694321036,patient,0.0,energy,Volatile,1003
3,8,17,0.07972334000464387,patient,0.0,energy,Volatile,1003
51,8,17,0.21522893298596663,intermediate,0.0,energy,Volatile,1003
62,8,17,0.15915295288193676,patient,0.0,energy,Volatile,1003
52,8,17,0.06373719232770293,patient,0.0,energy,Volatile,1003
7,8,17,0.07757379706088648,patient,0.0,energy,Volatile,1003
88,8,17,0.07696203622364112,patient,0.0,energy,Volatile,1003
55,8,17,0.2243199059779809,intermediate,0.0,energy,Volatile,1003
2,8,17,0.25401184321833403,intermediate,0.0,energy,Volatile,1003
66,8,17,0.23874183482157874,intermediate,0.0,energy,Volatile,1003
74,8,17,0.20411851425378036,intermediate,0.0,energy,Volatile,1003
90,8,17,0.05341474853671854,patient,0.0,energy,Volatile,1003
42,8,17,0.14493394733229698,patient,0.0,energy,Volatile,1003
9,8,17,0.20426825742498678,intermediate,0.0,energy,Volatile,1003
95,8,17,0.32695171081100194,intermediate,0.0,energy,Volatile,1003
43,8,17,0.08860190215904165,patient,0.0,energy,Volatile,1003
99,8,17,0.16887902052349785,patient,0.0,energy,Volatile,1003
91,8,17,0.28377793045921185,intermediate,0.0,energy,Volatile,1003
41,8,17,0.3240506805402428,intermediate,0.0,energy,Volatile,1003
46,8,17,0.15361429190840634,patient,0.0,energy,Volatile,1003
5,8,17,0.31161422473149863,intermediate,0.0,energy,Volatile,1003
54,8,17,0.07686135369509478,patient,0.0,energy,Volatile,1003
86,8,17,0.08592925453933353,patient,0.0,energy,Volatile,1003
34,8,17,0.19228698742619277,patient,0.0,energy,Volatile,1003
72,8,17,0.2228165283654795,intermediate,0.0,energy,Volatile,1003
16,8,17,0.13153167077431227,patient,0.0,energy,Volatile,1003
27,8,17,0.15568809563531072,patient,0.0,energy,Volatile,1003
56,8,17,0.13638784263416343,patient,0.0,energy,Volatile,1003
84,8,17,0.21600104057564867,intermediate,0.0,energy,Volatile,1003
83,28,37,0.10899341808602594,patient,0.0,energy,Volatile,1003
92,28,37,0.22721996793122534,intermediate,0.0,energy,Volatile,1003
64,28,37,0.10381716992713627,patient,0.0,energy,Volatile,1003
85,28,37,0.3232758240674486,intermediate,0.0,energy,Volatile,1003
24,28,37,0.30659090319993265,intermediate,0.0,energy,Volatile,1003
77,28,37,0.2306557680342775,intermediate,0.0,energy,Volatile,1003
79,28,37,0.08014550646444328,patient,0.0,energy,Volatile,1003
80,28,37,0.13189780096320564,patient,0.0,energy,Volatile,1003
82,28,37,0.19173124628028665,patient,0.0,energy,Volatile,1003
22,28,37,0.2531404505987656,intermediate,0.0,energy,Volatile,1003
26,48,57,0.05555322559122706,patient,0.0,energy,Volatile,1003
11,48,57,0.17053540000288264,patient,0.0,energy,Volatile,1003
53,68,77,0.0830098554451437,patient,0.0,energy,Volatile,1003
94,68,77,0.06735577239435891,patient,0.0,energy,Volatile,1003
94,8,17,0.0626866687505653,patient,0.0,energy,Volatile,1004
90,8,17,0.2571255000812111,intermediate,0.0,energy,Volatile,1004
23,8,17,0.23493336708810592,intermediate,0.0,energy,Volatile,1004
95,8,17,0.2091190734677471,intermediate,0.0,energy,Volatile,1004
19,8,17,0.1964238156870597,patient,0.0,energy,Volatile,1004
32,8,17,0.13817794587051813,patient,0.0,energy,Volatile,1004
82,8,17,0.06859307021970411,patient,0.0,energy,Volatile,1004
58,8,17,0.08943384399761345,patient,0.0,energy,Volatile,1004
10,8,17,0.29852176616631204,intermediate,0.0,energy,Volatile,1004
53,8,17,0.06404175908975816,patient,0.0,energy,Volatile,1004
51,8,17,0.2342167674151558,intermediate,0.0,energy,Volatile,1004
44,8,17,0.20330419827430923,intermediate,0.0,energy,Volatile,1004
49,8,17,0.27244370133252516,intermediate,0.0,energy,Volatile,1004
57,8,17,0.06375708221681871,patient,0.0,energy,Volatile,1004
47,8,17,0.28082739257327916,intermediate,0.0,energy,Volatile,1004
31,8,17,0.17580746100641403,patient,0.0,energy,Volatile,1004
45,8,17,0.258588876766745,intermediate,0.0,energy,Volatile,1004
50,8,17,0.32742067947095543,intermediate,0.0,energy,Volatile,1004
84,8,17,0.21193371150115775,intermediate,0.0,energy,Volatile,1004
29,8,17,0.21360756811789233,intermediate,0.0,energy,Volatile,1004
40,8,17,0.16591130178163893,patient,0.0,energy,Volatile,1004
16,8,17,0.12746244939088774,patient,0.0,energy,Volatile,1004
80,8,17,0.1209336225802266,patient,0.0,energy,Volatile,1004
59,8,17,0.05650375297131119,patient,0.0,energy,Volatile,1004
93,8,17,0.13624488334225232,patient,0.0,energy,Volatile,1004
91,8,17,0.2980385287743149,intermediate,0.0,energy,Volatile,1004
37,8,17,0.060633259610602584,patient,0.0,energy,Volatile,1004
25,28,37,0.3000865401644293,intermediate,0.0,energy,Volatile,1004
8,28,37,0.10303564885366018,patient,0.0,energy,Volatile,1004
38,28,37,0.0979917141338418,patient,0.0,energy,Volatile,1004
24,28,37,0.11451408859627056,patient,0.0,energy,Volatile,1004
36,28,37,0.31362215886036754,intermediate,0.0,energy,Volatile,1004
86,28,37,0.30179467372702373,intermediate,0.0,energy,Volatile,1004
52,28,37,0.3267078411992194,intermediate,0.0,energy,Volatile,1004
0,28,37,0.239506207763045,intermediate,0.0,energy,Volatile,1004
6,28,37,0.1074865927475478,patient,0.0,energy,Volatile,1004
22,48,57,0.30376488487808595,intermediate,0.0,energy,Volatile,1004
78,88,97,0.14266460441141326,patient,0.0,energy,Volatile,1004
52,8,17,0.22553407330469227,intermediate,0.0,energy,Volatile,1005
7,8,17,0.15446645907389517,patient,0.0,energy,Volatile,1005
95,8,17,0.22407886110342073,intermediate,0.0,energy,Volatile,1005
27,8,17,0.19859175161100528,patient,0.0,energy,Volatile,1005
12,8,17,0.24996310211316664,intermediate,0.0,energy,Volatile,1005
89,8,17,0.1343690304623125,patient,0.0,energy,Volatile,1005
34,8,17,0.0930401632793795,patient,0.0,energy,Volatile,1005
51,8,17,0.05110185736438061,patient,0.0,energy,Volatile,1005
11,8,17,0.23863231218944136,intermediate,0.0,energy,Volatile,1005
53,8,17,0.06972435090236684,patient,0.0,energy,Volatile,1005
48,8,17,0.22918894427570252,intermediate,0.0,energy,Volatile,1005
96,8,17,0.08044777446293556,patient,0.0,energy,Volatile,1005
97,8,17,0.30264271704528006,intermediate,0.0,energy,Volatile,1005
22,8,17,0.15123581569314376,patient,0.0,energy,Volatile,1005
86,8,17,0.2949430371443797,intermediate,0.0,energy,Volatile,1005
78,8,17,0.23936998085729394,intermediate,0.0,energy,Volatile,1005
2,8,17,0.21085095664356374,intermediate,0.0,energy,Volatile,1005
72,8,17,0.2012261132827342,intermediate,0.0,energy,Volatile,1005
81,8,17,0.1564874352288306,patient,0.0,energy,Volatile,1005
82,8,17,0.08394745907028386,patient,0.0,energy,Volatile,1005
1,8,17,0.2347488399167384,intermediate,0.0,energy,Volatile,1005
60,8,17,0.3096490753811638,intermediate,0.0,energy,Volatile,1005
41,8,17,0.0839807342336911,patient,0.0,energy,Volatile,1005
20,8,17,0.07961915215527673,patient,0.0,energy,Volatile,1005
16,8,17,0.3270656128696562,intermediate,0.0,energy,Volatile,1005
92,8,17,0.0856950442668081,patient,0.0,energy,Volatile,1005
25,8,17,0.24060445610925724,intermediate,0.0,energy,Volatile,1005
83,8,17,0.12519061463349773,patient,0.0,energy,Volatile,1005
68,28,37,0.2990985716967792,intermediate,0.0,energy,Volatile,1005
18,28,37,0.28767482902003577,intermediate,0.0,energy,Volatile,1005
46,28,37,0.1201104701878985,patient,0.0,energy,Volatile,1005
14,28,37,0.3245287040561795,intermediate,0.0,energy,Volatile,1005
56,28,37,0.1871113654987454,patient,0.0,energy,Volatile,1005
93,28,37,0.32595380379718863,intermediate,0.0,energy,Volatile,1005
73,28,37,0.1506953212923564,patient,0.0,energy,Volatile,1005
94,28,37,0.2620726845010688,intermediate,0.0,energy,Volatile,1005
75,108,117,0.13411342659565068,patient,0.0,energy,Volatile,1005
46,8,17,0.264806406531715,intermediate,0.0,energy,Volatile,1006
68,8,17,0.09953574381950106,patient,0.0,energy,Volatile,1006
94,8,17,0.14715751497040588,patient,0.0,energy,Volatile,1006
89,8,17,0.304644005036876,intermediate,0.0,energy,Volatile,1006
28,8,17,0.0958833246842076,patient,0.0,energy,Volatile,1006
30,8,17,0.3132484367757171,intermediate,0.0,energy,Volatile,1006
84,8,17,0.12458807029768446,patient,0.0,energy,Volatile,1006
45,8,17,0.22622571595038993,intermediate,0.0,energy,Volatile,1006
21,8,17,0.2262914332435481,intermediate,0.0,energy,Volatile,1006
23,8,17,0.19233459435378913,patient,0.0,energy,Volatile,1006
40,8,17,0.23135453094990371,intermediate,0.0,energy,Volatile,1006
10,8,17,0.20967491117069975,intermediate,0.0,energy,Volatile,1006
44,8,17,0.07647896497847584,patient,0.0,energy,Volatile,1006
22,8,17,0.25588981362327384,intermediate,0.0,energy,Volatile,1006
81,8,17,0.08448454667714375,patient,0.0,energy,Volatile,1006
50,8,17,0.23044558240699575,intermediate,0.0,energy,Volatile,1006
97,8,17,0.29738661925742355,intermediate,0.0,energy,Volatile,1006
61,8,17,0.17050650257336258,patient,0.0,energy,Volatile,1006
13,8,17,0.296643950181389,intermediate,0.0,energy,Volatile,1006
53,8,17,0.18165248599558342,patient,0.0,energy,Volatile,1006
77,8,17,0.3108755423158197,intermediate,0.0,energy,Volatile,1006
51,8,17,0.21501019700358814,intermediate,0.0,energy,Volatile,1006
20,8,17,0.21526813108017573,intermediate,0.0,energy,Volatile,1006
90,8,17,0.2245900487666339,intermediate,0.0,energy,Volatile,1006
78,8,17,0.17875633428230253,patient,0.0,energy,Volatile,1006
11,8,17,0.28620549402660517,intermediate,0.0,energy,Volatile,1006
88,8,17,0.14291964328641388,patient,0.0,energy,Volatile,1006
32,8,17,0.2882252375370648,intermediate,0.0,energy,Volatile,1006
65,8,17,0.07886835372559783,patient,0.0,energy,Volatile,1006
5,8,17,0.1883741639634301,patient,0.0,energy,Volatile,1006
15,8,17,0.07925331322591021,patient,0.0,energy,Volatile,1006
56,8,17,0.2054918464366125,intermediate,0.0,energy,Volatile,1006
0,8,17,0.20597898047514213,intermediate,0.0,energy,Volatile,1006
25,8,17,0.127487117429246,patient,0.0,energy,Volatile,1006
73,8,17,0.1438072259418821,patient,0.0,energy,Volatile,1006
55,8,17,0.29226614558234654,intermediate,0.0,energy,Volatile,1006
18,8,17,0.2763434818240696,intermediate,0.0,energy,Volatile,1006
80,28,37,0.20484679204209622,intermediate,0.0,energy,Volatile,1006
92,28,37,0.09438065754494868,patient,0.0,energy,Volatile,1006
41,28,37,0.16380045690554423,patient,0.0,energy,Volatile,1006
4,28,37,0.3137110421933679,intermediate,0.0,energy,Volatile,1006
69,48,57,0.09228103504455527,patient,0.0,energy,Volatile,1006
1,88,97,0.05557661162558519,patient,0.0,energy,Volatile,1006
38,8,17,0.22659375243386176,intermediate,0.0,energy,Volatile,1007
89,8,17,0.20475124046160997,intermediate,0.0,energy,Volatile,1007
71,8,17,0.3286985179727003,intermediate,0.0,energy,Volatile,1007
75,8,17,0.32422441946509234,intermediate,0.0,energy,Volatile,1007
3,8,17,0.30111285391487497,intermediate,0.0,energy,Volatile,1007
57,8,17,0.20252282670941807,intermediate,0.0,energy,Volatile,1007
19,8,17,0.13851797395683418,patient,0.0,energy,Volatile,1007
48,8,17,0.2863673019664274,intermediate,0.0,energy,Volatile,1007
30,8,17,0.08202561347457507,patient,0.0,energy,Volatile,1007
5,8,17,0.06535832692926476,patient,0.0,energy,Volatile,1007
84,8,17,0.13453301730617612,patient,0.0,energy,Volatile,1007
68,8,17,0.20393850189078483,intermediate,0.0,energy,Volatile,1007
45,8,17,0.274539006338943,intermediate,0.0,energy,Volatile,1007
53,8,17,0.10769766350633601,patient,0.0,energy,Volatile,1007
60,8,17,0.2876978155457035,intermediate,0.0,energy,Volatile,1007
36,8,17,0.09392627451079144,patient,0.0,energy,Volatile,1007
69,8,17,0.24080129954948726,intermediate,0.0,energy,Volatile,1007
32,8,17,0.2718538502033496,intermediate,0.0,energy,Volatile,1007
51,8,17,0.06818305034097696,patient,0.0,energy,Volatile,1007
52,8,17,0.07659913054820025,patient,0.0,energy,Volatile,1007
40,8,17,0.23403473599101915,intermediate,0.0,energy,Volatile,1007
82,8,17,0.08907998504033243,patient,0.0,energy,Volatile,1007
92,8,17,0.058641620923561226,patient,0.0,energy,Volatile,1007
47,8,17,0.07436718884387936,patient,0.0,energy,Volatile,1007
37,8,17,0.2710219362152035,intermediate,0.0,energy,Volatile,1007
78,28,37,0.1047694468386722,patient,0.0,energy,Volatile,1007
9,28,37,0.1804206270913175,patient,0.0,energy,Volatile,1007
73,28,37,0.12780723810759836,patient,0.0,energy,Volatile,1007
4,28,37,0.1775140831572185,patient,0.0,energy,Volatile,1007
13,48,57,0.2270648656613929,intermediate,0.0,energy,Volatile,1007
27,48,57,0.2912619218615763,intermediate,0.0,energy,Volatile,1007
65,48,57,0.3249219934399208,intermediate,0.0,energy,Volatile,1007
55,48,57,0.08789889320699595,patient,0.0,energy,Volatile,1007
43,48,57,0.30472394034823214,intermediate,0.0,energy,Volatile,1007
66,68,77,0.06736693652691009,patient,0.0,energy,Volatile,1007
67,108,117,0.20861274825016174,intermediate,0.0,energy,Volatile,1007
59,8,17,0.1763982022421331,patient,0.0,energy,Volatile,1008
72,8,17,0.25393101258821454,intermediate,0.0,energy,Volatile,1008
48,8,17,0.17920560725018087,patient,0.0,energy,Volatile,1008
63,8,17,0.07909737108317512,patient,0.0,energy,Volatile,1008
58,8,17,0.2756521063842686,intermediate,0.0,energy,Volatile,1008
22,8,17,0.29652975573438695,intermediate,0.0,energy,Volatile,1008
62,8,17,0.21319705931132643,intermediate,0.0,energy,Volatile,1008
86,8,17,0.14210252036979992,patient,0.0,energy,Volatile,1008
54,8,17,0.3274137719126706,intermediate,0.0,energy,Volatile,1008
89,8,17,0.15274263409345717,patient,0.0,energy,Volatile,1008
8,8,17,0.207432996096875,intermediate,0.0,energy,Volatile,1008
20,8,17,0.25824897512576317,intermediate,0.0,energy,Volatile,1008
53,8,17,0.19912568617137133,patient,0.0,energy,Volatile,1008
95,8,17,0.30668738170686943,intermediate,0.0,energy,Volatile,1008
31,8,17,0.05681901814240209,patient,0.0,energy,Volatile,1008
43,8,17,0.20056950346275298,intermediate,0.0,energy,Volatile,1008
79,8,17,0.06800132288649617,patient,0.0,energy,Volatile,1008
29,8,17,0.235364940653229,intermediate,0.0,energy,Volatile,1008
90,8,17,0.32612877653040884,intermediate,0.0,energy,Volatile,1008
64,8,17,0.27247629516776917,intermediate,0.0,energy,Volatile,1008
65,8,17,0.27613922979312494,intermediate,0.0,energy,Volatile,1008
70,8,17,0.1092874691311369,patient,0.0,energy,Volatile,1008
41,8,17,0.2648117090884311,intermediate,0.0,energy,Volatile,1008
83,8,17,0.30129824407613814,intermediate,0.0,energy,Volatile,1008
35,8,17,0.16253181680304907,patient,0.0,energy,Volatile,1008
61,8,17,0.2803446595833542,intermediate,0.0,energy,Volatile,1008
0,8,17,0.28392072195585033,intermediate,0.0,energy,Volatile,1008
96,8,17,0.19721721509675977,patient,0.0,energy,Volatile,1008
18,8,17,0.27488979231457605,intermediate,0.0,energy,Volatile,1008
60,8,17,0.07005672367337627,patient,0.0,energy,Volatile,1008
52,8,17,0.19547434601153135,patient,0.0,energy,Volatile,1008
77,8,17,0.05857388148661661,patient,0.0,energy,Volatile,1008
55,8,17,0.18519414077833302,patient,0.0,energy,Volatile,1008
78,8,17,0.07441769337616189,patient,0.0,energy,Volatile,1008
75,28,37,0.2454403593396019,intermediate,0.0,energy,Volatile,1008
98,28,37,0.19156388011117081,patient,0.0,energy,Volatile,1008
80,28,37,0.10021650598279275,patient,0.0,energy,Volatile,1008
16,28,37,0.2937223872191757,intermediate,0.0,energy,Volatile,1008
92,28,37,0.2114416256939622,intermediate,0.0,energy,Volatile,1008
23,28,37,0.06844536392651991,patient,0.0,energy,Volatile,1008
15,48,57,0.20526271788023553,intermediate,0.0,energy,Volatile,1008
42,48,57,0.06942056575499359,patient,0.0,energy,Volatile,1008
39,48,57,0.12524963714347737,patient,0.0,energy,Volatile,1008
24,48,57,0.2810556338789054,intermediate,0.0,energy,Volatile,1008
47,68,77,0.07394036467415724,patient,0.0,energy,Volatile,1008
86,8,17,0.18733198681906305,patient,0.0,energy,Volatile,1009
67,8,17,0.286596461819418,intermediate,0.0,energy,Volatile,1009
84,8,17,0.2736923466980874,intermediate,0.0,energy,Volatile,1009
91,8,17,0.20505310222496553,intermediate,0.0,energy,Volatile,1009
59,8,17,0.19590998706146,patient,0.0,energy,Volatile,1009
17,8,17,0.05462763195835004,patient,0.0,energy,Volatile,1009
27,8,17,0.19409727374498403,patient,0.0,energy,Volatile,1009
76,8,17,0.3235408410499001,intermediate,0.0,energy,Volatile,1009
45,8,17,0.15338312131288157,patient,0.0,energy,Volatile,1009
65,8,17,0.05241370116286254,patient,0.0,energy,Volatile,1009
95,8,17,0.07251993811144203,patient,0.0,energy,Volatile,1009
35,8,17,0.14422121056658319,patient,0.0,energy,Volatile,1009
92,8,17,0.25610118220869743,intermediate,0.0,energy,Volatile,1009
47,8,17,0.10171266467415258,patient,0.0,energy,Volatile,1009
64,8,17,0.29615359802978125,intermediate,0.0,energy,Volatile,1009
5,8,17,0.12236058622418347,patient,0.0,energy,Volatile,1009
6,8,17,0.20196975327067018,intermediate,0.0,energy,Volatile,1009
19,8,17,0.1351532112366798,patient,0.0,energy,Volatile,1009
90,8,17,0.197279368536382,patient,0.0,energy,Volatile,1009
75,8,17,0.11800614787264577,patient,0.0,energy,Volatile,1009
96,8,17,0.2835044953273375,intermediate,0.0,energy,Volatile,1009
58,8,17,0.08412272747856386,patient,0.0,energy,Volatile,1009
12,8,17,0.14693008986275258,patient,0.0,energy,Volatile,1009
71,8,17,0.18219137259864837,patient,0.0,energy,Volatile,1009
88,8,17,0.26125204779580247,intermediate,0.0,energy,Volatile,1009
11,8,17,0.25619568068514276,intermediate,0.0,energy,Volatile,1009
43,8,17,0.0782571517267888,patient,0.0,energy,Volatile,1009
15,8,17,0.10820471606825416,patient,0.0,energy,Volatile,1009
54,8,17,0.2891424064212242,intermediate,0.0,energy,Volatile,1009
51,8,17,0.08064091891442325,patient,0.0,energy,Volatile,1009
4,8,17,0.1383112543276045,patient,0.0,energy,Volatile,1009
42,8,17,0.2752209606810528,intermediate,0.0,energy,Volatile,1009
56,8,17,0.1451925938570566,patient,0.0,energy,Volatile,1009
40,8,17,0.08829923160854444,patient,0.0,energy,Volatile,1009
68,8,17,0.23873842798179656,intermediate,0.0,energy,Volatile,1009
87,28,37,0.08601000002312795,patient,0.0,energy,Volatile,1009
52,28,37,0.2483192297564646,intermediate,0.0,energy,Volatile,1009
82,28,37,0.3179456308393855,intermediate,0.0,energy,Volatile,1009
44,28,37,0.0846218270256544,patient,0.0,energy,Volatile,1009
22,28,37,0.23917568648109372,intermediate,0.0,energy,Volatile,1009
80,28,37,0.10693399661816738,patient,0.0,energy,Volatile,1009
60,28,37,0.3167991832814309,intermediate,0.0,energy,Volatile,1009
57,28,37,0.2402759317138905,intermediate,0.0,energy,Volatile,1009
63,28,37,0.12014904993651111,patient,0.0,energy,Volatile,1009
38,88,97,0.14785783182152762,patient,0.0,energy,Volatile,1009
66,88,97,0.05882918235547431,patient,0.0,energy,Volatile,1009
63,1,10,0.29051418549489927,intermediate,7.0,age,Harsh,2000
52,4,13,0.050404645134919136,patient,4.0,age,Harsh,2000
18,5,14,0.149721477503525,patient,3.0,age,Harsh,2000
76,6,15,0.42954521686461916,impulsive,12.0,age,Harsh,2000
78,6,15,0.2548984650739804,intermediate,2.0,age,Harsh,2000
22,7,16,0.40697628951541825,impulsive,13.0,age,Harsh,2000
8,7,16,0.4808524610867574,impulsive,13.0,age,Harsh,2000
13,7,16,0.13855223005181228,patient,1.0,age,Harsh,2000
26,7,16,0.1989413494102516,patient,1.0,age,Harsh,2000
12,8,17,0.07375361064530296,patient,20.0,age,Harsh,2000
21,9,18,0.45726427276240117,impulsive,15.0,age,Harsh,2000
17,11,20,0.0986430377230007,patient,17.0,age,Harsh,2000
65,13,22,0.18401020481152652,patient,15.0,age,Harsh,2000
36,13,22,0.34105476313444544,intermediate,19.0,age,Harsh,2000
1,14,23,0.367011580304536,impulsive,20.0,age,Harsh,2000
57,15,24,0.13985544609096856,patient,33.0,age,Harsh,2000
98,16,25,0.29865275295527843,intermediate,32.0,age,Harsh,2000
16,18,27,0.3204816985991995,intermediate,30.0,age,Harsh,2000
25,19,28,0.05288876741115126,patient,29.0,age,Harsh,2000
83,19,28,0.4125467455307327,impulsive,25.0,age,Harsh,2000
27,21,30,0.22481344289062144,intermediate,27.0,age,Harsh,2000
92,21,30,0.13354690044332373,patient,27.0,age,Harsh,2000
28,21,30,0.4959793365328856,impulsive,27.0,age,Harsh,2000
87,21,30,0.3837667176491794,impulsive,27.0,age,Harsh,2000
51,22,31,0.22457342556101934,intermediate,46.0,age,Harsh,2000
86,25,34,0.3479692628103904,intermediate,31.0,age,Harsh,2000
68,25,34,0.16845023329936928,patient,43.0,age,Harsh,2000
14,26,35,0.4515342568561598,impulsive,32.0,age,Harsh,2000
91,27,36,0.12432360663063233,patient,41.0,age,Harsh,2000
60,32,41,0.0897519350052564,patient,56.0,age,Harsh,2000
94,32,41,0.45530115360616313,impulsive,38.0,age,Harsh,2000
48,33,42,0.22520958683025627,intermediate,55.0,age,Harsh,2000
79,34,43,0.1262827418008643,patient,54.0,age,Harsh,2000
53,36,45,0.08637083318464514,patient,72.0,age,Harsh,2000
4,36,45,0.3460198139969172,intermediate,42.0,age,Harsh,2000
44,36,45,0.34109625456861853,intermediate,42.0,age,Harsh,2000
34,36,45,0.11460331510843981,patient,72.0,age,Harsh,2000
23,37,46,0.30535239857706215,intermediate,71.0,age,Harsh,2000
43,37,46,0.3353637687387743,intermediate,43.0,age,Harsh,2000
31,38,47,0.2946872589881798,intermediate,70.0,age,Harsh,2000
2,39,48,0.33655294897064303,intermediate,45.0,age,Harsh,2000
49,40,49,0.30475301619273926,intermediate,68.0,age,Harsh,2000
89,42,51,0.4449881578729836,impulsive,48.0,age,Harsh,2000
20,42,51,0.4995706592973531,impulsive,48.0,age,Harsh,2000
74,42,51,0.33798689911136437,intermediate,48.0,age,Harsh,2000
40,42,51,0.23685800188451622,intermediate,66.0,age,Harsh,2000
41,43,52,0.4277707810379415,impulsive,49.0,age,Harsh,2000
19,44,53,0.055358865630129206,patient,84.0,age,Harsh,2000
56,44,53,0.08268278133577056,patient,84.0,age,Harsh,2000
5,45,54,0.28521028265793363,intermediate,83.0,age,Harsh,2000
95,45,54,0.49349035045050466,impulsive,51.0,age,Harsh,2000
35,45,54,0.3209468312216992,intermediate,83.0,age,Harsh,2000
72,46,55,0.16172362234127569,patient,82.0,age,Harsh,2000
37,46,55,0.36943214860395346,impulsive,52.0,age,Harsh,2000
67,47,56,0.08265285080888257,patient,81.0,age,Harsh,2000
32,49,58,0.44825202350647925,impulsive,55.0,age,Harsh,2000
50,49,58,0.23405635018989568,intermediate,79.0,age,Harsh,2000
15,49,58,0.09824916041782242,patient,79.0,age,Harsh,2000
38,49,58,0.2295843158469626,intermediate,79.0,age,Harsh,2000
45,49,58,0.06675826495562806,patient,79.0,age,Harsh,2000
84,51,60,0.3589858934408148,impulsive,57.0,age,Harsh,2000
90,52,61,0.3619386233155552,impulsive,58.0,age,Harsh,2000
64,53,62,0.2882100234346312,intermediate,95.0,age,Harsh,2000
81,53,62,0.14766760002800694,patient,95.0,age,Harsh,2000
24,54,63,0.40461703307313135,impulsive,60.0,age,Harsh,2000
9,54,63,0.3787832932442074,impulsive,60.0,age,Harsh,2000
58,54,63,0.28234271702865116,intermediate,94.0,age,Harsh,2000
85,55,64,0.4303007808881504,impulsive,61.0,age,Harsh,2000
3,56,65,0.4195223865578309,impulsive,62.0,age,Harsh,2000
71,57,66,0.3551185384167579,impulsive,63.0,age,Harsh,2000
46,58,67,0.3921166159623637,impulsive,64.0,age,Harsh,2000
59,58,67,0.48769520534903926,impulsive,64.0,age,Harsh,2000
54,58,67,0.050079912983818316,patient,110.0,age,Harsh,2000
0,58,67,0.2518056580597378,intermediate,110.0,age,Harsh,2000
88,59,68,0.16459698908024212,patient,109.0,age,Harsh,2000
73,61,70,0.2885899583948203,intermediate,107.0,age,Harsh,2000
42,62,71,0.33451265285277615,intermediate,68.0,age,Harsh,2000
97,64,73,0.3531992866955157,impulsive,70.0,age,Harsh,2000
82,64,73,0.29446185473780384,intermediate,124.0,age,Harsh,2000
99,64,73,0.4689527587574504,impulsive,70.0,age,Harsh,2000
11,65,74,0.1051788875995875,patient,123.0,age,Harsh,2000
93,66,75,0.41249547161401806,impulsive,72.0,age,Harsh,2000
30,68,77,0.4234158449247922,impulsive,74.0,age,Harsh,2000
7,68,77,0.3360881639047925,intermediate,74.0,age,Harsh,2000
77,68,77,0.4208907238469566,impulsive,74.0,age,Harsh,2000
33,68,77,0.3213667762773071,intermediate,120.0,age,Harsh,2000
61,70,79,0.49691629728050507,impulsive,76.0,age,Harsh,2000
62,74,83,0.37255296430292417,impulsive,80.0,age,Harsh,2000
47,78,87,0.28185528883944744,intermediate,150.0,age,Harsh,2000
75,81,90,0.3772724177331717,impulsive,87.0,age,Harsh,2000
96,84,93,0.43194868827029875,impulsive,90.0,age,Harsh,2000
80,89,98,0.18085677429434033,patient,159.0,age,Harsh,2000
69,93,102,0.14900820641940382,patient,175.0,age,Harsh,2000
6,94,103,0.37944604648588975,impulsive,100.0,age,Harsh,2000
39,95,104,0.4248900179243057,impulsive,101.0,age,Harsh,2000
55,101,110,0.18615658543098912,patient,187.0,age,Harsh,2000
66,103,112,0.27611886872339236,intermediate,185.0,age,Harsh,2000
29,103,112,0.33449864525473516,intermediate,109.0,age,Harsh,2000
54,1,10,0.18057380979646837,patient,7.0,age,Harsh,2001
96,3,12,0.14856778601357898,patient,5.0,age,Harsh,2001
6,3,12,0.2666374712991004,intermediate,5.0,age,Harsh,2001
86,3,12,0.36855499735375036,impulsive,9.0,age,Harsh,2001
51,4,13,0.09957357590143567,patient,4.0,age,Harsh,2001
62,6,15,0.17216100366111065,patient,2.0,age,Harsh,2001
13,6,15,0.4105076685743737,impulsive,12.0,age,Harsh,2001
43,6,15,0.47752852793102335,impulsive,12.0,age,Harsh,2001
49,7,16,0.44624876087788756,impulsive,13.0,age,Harsh,2001
2,8,17,0.06928364974266656,patient,20.0,age,Harsh,2001
59,9,18,0.11938115751885281,patient,19.0,age,Harsh,2001
28,9,18,0.19978598961555505,patient,19.0,age,Harsh,2001
3,10,19,0.07572500716018836,patient,18.0,age,Harsh,2001
41,11,20,0.4986889191089461,impulsive,17.0,age,Harsh,2001
94,11,20,0.10423252230562167,patient,17.0,age,Harsh,2001
64,11,20,0.42365108492271575,impulsive,17.0,age,Harsh,2001
90,13,22,0.14326545048763234,patient,15.0,age,Harsh,2001
60,13,22,0.06831872456379812,patient,15.0,age,Harsh,2001
68,15,24,0.38714960395158027,impulsive,21.0,age,Harsh,2001
30,17,26,0.24759062205603483,intermediate,31.0,age,Harsh,2001
38,18,27,0.2564417536590911,intermediate,30.0,age,Harsh,2001
79,18,27,0.050129232881536055,patient,30.0,age,Harsh,2001
99,19,28,0.17286906924316503,patient,29.0,age,Harsh,2001
40,20,29,0.41507181397127446,impulsive,26.0,age,Harsh,2001
73,20,29,0.10771413065100427,patient,28.0,age,Harsh,2001
47,21,30,0.4850313293621369,impulsive,27.0,age,Harsh,2001
76,22,31,0.22446836871368697,intermediate,46.0,age,Harsh,2001
77,22,31,0.06098354215548837,patient,46.0,age,Harsh,2001
32,27,36,0.41227067758345215,impulsive,33.0,age,Harsh,2001
37,29,38,0.26292545016163155,intermediate,59.0,age,Harsh,2001
98,30,39,0.47417912542693896,impulsive,36.0,age,Harsh,2001
1,30,39,0.08903164187829277,patient,58.0,age,Harsh,2001
66,31,40,0.3066065239563924,intermediate,57.0,age,Harsh,2001
24,32,41,0.3776482636798084,impulsive,38.0,age,Harsh,2001
45,32,41,0.37880258806140343,impulsive,38.0,age,Harsh,2001
17,32,41,0.19909390515781356,patient,56.0,age,Harsh,2001
93,33,42,0.4083158888048623,impulsive,39.0,age,Harsh,2001
21,33,42,0.4712352787982667,impulsive,39.0,age,Harsh,2001
55,33,42,0.21756831177606917,intermediate,55.0,age,Harsh,2001
18,34,43,0.06917301260200825,patient,54.0,age,Harsh,2001
10,39,48,0.11116510070316005,patient,69.0,age,Harsh,2001
74,39,48,0.45237846093278317,impulsive,45.0,age,Harsh,2001
61,39,48,0.2898727137457438,intermediate,69.0,age,Harsh,2001
20,41,50,0.21246972216621218,intermediate,67.0,age,Harsh,2001
23,45,54,0.15111784615287238,patient,83.0,age,Harsh,2001
75,45,54,0.353043803313896,impulsive,51.0,age,Harsh,2001
53,46,55,0.1446522503199345,patient,82.0,age,Harsh,2001
0,46,55,0.31389429390245177,intermediate,82.0,age,Harsh,2001
82,47,56,0.2432474967631582,intermediate,81.0,age,Harsh,2001
26,47,56,0.3907371243685117,impulsive,53.0,age,Harsh,2001
85,49,58,0.40960166769343787,impulsive,55.0,age,Harsh,2001
91,51,60,0.38093224730715025,impulsive,57.0,age,Harsh,2001
29,51,60,0.08721717739258748,patient,97.0,age,Harsh,2001
12,51,60,0.4725242639551335,impulsive,57.0,age,Harsh,2001
83,52,61,0.05518525154174708,patient,96.0,age,Harsh,2001
35,52,61,0.3501979925533973,impulsive,58.0,age,Harsh,2001
36,53,62,0.08432959726170708,patient,95.0,age,Harsh,2001
87,53,62,0.38816215577898483,impulsive,59.0,age,Harsh,2001
56,53,62,0.26089332744358124,intermediate,95.0,age,Harsh,2001
71,54,63,0.2610842420775511,intermediate,94.0,age,Harsh,2001
5,56,65,0.2092462392000501,intermediate,92.0,age,Harsh,2001
11,56,65,0.12353501456521901,patient,92.0,age,Harsh,2001
44,56,65,0.38350559769800757,impulsive,62.0,age,Harsh,2001
65,56,65,0.18228355628260312,patient,92.0,age,Harsh,2001
22,57,66,0.21702405774514555,intermediate,111.0,age,Harsh,2001
39,57,66,0.08835003268887301,patient,111.0,age,Harsh,2001
31,57,66,0.4412646394050415,impulsive,63.0,age,Harsh,2001
88,58,67,0.09413066715899424,patient,110.0,age,Harsh,2001
7,58,67,0.21909831641271837,intermediate,110.0,age,Harsh,2001
67,58,67,0.4161928523731817,impulsive,64.0,age,Harsh,2001
69,58,67,0.39092870833173843,impulsive,64.0,age,Harsh,2001
57,59,68,0.448491269423037,impulsive,65.0,age,Harsh,2001
92,59,68,0.0552786628825613,patient,109.0,age,Harsh,2001
97,60,69,0.10644816382882866,patient,108.0,age,Harsh,2001
58,61,70,0.2988336656127105,intermediate,107.0,age,Harsh,2001
8,61,70,0.22123970437345752,intermediate,107.0,age,Harsh,2001
46,63,72,0.28908470090059246,intermediate,105.0,age,Harsh,2001
19,64,73,0.17616373510250782,patient,124.0,age,Harsh,2001
50,64,73,0.3698094146707595,impulsive,70.0,age,Harsh,2001
27,65,74,0.15272225840000164,patient,123.0,age,Harsh,2001
52,67,76,0.18937143335169987,patient,121.0,age,Harsh,2001
89,70,79,0.1629818995277651,patient,118.0,age,Harsh,2001
33,71,80,0.26770271795353723,intermediate,137.0,age,Harsh,2001
14,72,81,0.06085401615547498,patient,136.0,age,Harsh,2001
70,72,81,0.45151385889773593,impulsive,78.0,age,Harsh,2001
80,72,81,0.39631739244785835,impulsive,78.0,age,Harsh,2001
95,72,81,0.07789067130751709,patient,136.0,age,Harsh,2001
34,73,82,0.10938426784775862,patient,135.0,age,Harsh,2001
78,73,82,0.1697720347692686,patient,135.0,age,Harsh,2001
84,76,85,0.40374921060381236,impulsive,82.0,age,Harsh,2001
15,76,85,0.42021105391999003,impulsive,82.0,age,Harsh,2001
42,78,87,0.21195819727416526,intermediate,150.0,age,Harsh,2001
72,79,88,0.33406768239179346,intermediate,85.0,age,Harsh,2001
63,80,89,0.2787740358015852,intermediate,148.0,age,Harsh,2001
48,80,89,0.38807847394343536,impulsive,86.0,age,Harsh,2001
25,85,94,0.13853492034411993,patient,163.0,age,Harsh,2001
16,92,101,0.4727006522480954,impulsive,98.0,age,Harsh,2001
9,101,110,0.24907097229446445,intermediate,187.0,age,Harsh,2001
53,1,10,0.22795669224908993,intermediate,7.0,age,Harsh,2002
66,3,12,0.31661186804361746,intermediate,5.0,age,Harsh,2002
13,3,12,0.49378573162660583,impulsive,9.0,age,Harsh,2002
58,3,12,0.20735580521169766,intermediate,5.0,age,Harsh,2002
41,5,14,0.1367170484826638,patient,3.0,age,Harsh,2002
15,5,14,0.1801886612023223,patient,3.0,age,Harsh,2002
10,7,16,0.2925133563516031,intermediate,1.0,age,Harsh,2002
44,7,16,0.4947219755871592,impulsive,13.0,age,Harsh,2002
70,7,16,0.3796421772784981,impulsive,13.0,age,Harsh,2002
68,8,17,0.22624940222229994,intermediate,20.0,age,Harsh,2002
81,10,19,0.45645764932168326,impulsive,16.0,age,Harsh,2002
34,11,20,0.45739950961539555,impulsive,17.0,age,Harsh,2002
89,13,22,0.4322196700487532,impulsive,19.0,age,Harsh,2002
29,14,23,0.43609913754797514,impulsive,20.0,age,Harsh,2002
71,14,23,0.2886251435414382,intermediate,14.0,age,Harsh,2002
60,15,24,0.05165305744620069,patient,33.0,age,Harsh,2002
84,15,24,0.13307426522842114,patient,33.0,age,Harsh,2002
49,16,25,0.1144896079728907,patient,32.0,age,Harsh,2002
90,16,25,0.4088001699684542,impulsive,22.0,age,Harsh,2002
78,17,26,0.1343589348755804,patient,31.0,age,Harsh,2002
8,18,27,0.28182246188362586,intermediate,30.0,age,Harsh,2002
45,18,27,0.30036375346321303,intermediate,30.0,age,Harsh,2002
88,19,28,0.21922159747091174,intermediate,29.0,age,Harsh,2002
37,20,29,0.4092980181753886,impulsive,26.0,age,Harsh,2002
93,21,30,0.09810706109178494,patient,27.0,age,Harsh,2002
48,22,31,0.17061698000949183,patient,46.0,age,Harsh,2002
82,23,32,0.40637267477327665,impulsive,29.0,age,Harsh,2002
63,26,35,0.1258266751108163,patient,42.0,age,Harsh,2002
14,28,37,0.24867220953845975,intermediate,40.0,age,Harsh,2002
50,30,39,0.11319424037272066,patient,58.0,age,Harsh,2002
69,30,39,0.13558085126224229,patient,58.0,age,Harsh,2002
19,31,40,0.11573964939224105,patient,57.0,age,Harsh,2002
97,31,40,0.27510451251644946,intermediate,57.0,age,Harsh,2002
85,32,41,0.1717001346612359,patient,56.0,age,Harsh,2002
67,33,42,0.3914225679577931,impulsive,39.0,age,Harsh,2002
61,34,43,0.3441355610300993,intermediate,40.0,age,Harsh,2002
28,35,44,0.4729025089989042,impulsive,41.0,age,Harsh,2002
36,35,44,0.1465818486069273,patient,53.0,age,Harsh,2002
87,35,44,0.36589331177971596,impulsive,41.0,age,Harsh,2002
72,37,46,0.07876049341833606,patient,71.0,age,Harsh,2002
65,37,46,0.4879161684570322,impulsive,43.0,age,Harsh,2002
12,38,47,0.3182981022421775,intermediate,70.0,age,Harsh,2002
38,38,47,0.45289496303552707,impulsive,44.0,age,Harsh,2002
83,39,48,0.48091730168880725,impulsive,45.0,age,Harsh,2002
75,39,48,0.2224610868032208,intermediate,69.0,age,Harsh,2002
74,40,49,0.23943281252579351,intermediate,68.0,age,Harsh,2002
79,40,49,0.12314774053031051,patient,68.0,age,Harsh,2002
95,41,50,0.2712837862447754,intermediate,67.0,age,Harsh,2002
6,43,52,0.062009766788433736,patient,85.0,age,Harsh,2002
0,44,53,0.3773710131659067,impulsive,50.0,age,Harsh,2002
56,47,56,0.08791518016887401,patient,81.0,age,Harsh,2002
77,48,57,0.0832905299396226,patient,80.0,age,Harsh,2002
40,48,57,0.41259020227158894,impulsive,54.0,age,Harsh,2002
76,49,58,0.28155586112385533,intermediate,79.0,age,Harsh,2002
5,51,60,0.07357416751615112,patient,97.0,age,Harsh,2002
7,52,61,0.318886043716683,intermediate,96.0,age,Harsh,2002
42,52,61,0.20502933996295053,intermediate,96.0,age,Harsh,2002
4,52,61,0.49281048462276394,impulsive,58.0,age,Harsh,2002
80,53,62,0.3461197065953996,intermediate,59.0,age,Harsh,2002
3,53,62,0.3885362714585525,impulsive,59.0,age,Harsh,2002
64,53,62,0.2576392459669513,intermediate,95.0,age,Harsh,2002
54,53,62,0.4496375225915976,impulsive,59.0,age,Harsh,2002
43,54,63,0.36647745388842284,impulsive,60.0,age,Harsh,2002
11,54,63,0.20774877129895497,intermediate,94.0,age,Harsh,2002
33,54,63,0.1835439485429053,patient,94.0,age,Harsh,2002
92,54,63,0.15051559353697344,patient,94.0,age,Harsh,2002
17,55,64,0.10900954781539449,patient,93.0,age,Harsh,2002
20,55,64,0.3363536447401547,intermediate,61.0,age,Harsh,2002
18,56,65,0.0715328897288296,patient,92.0,age,Harsh,2002
22,57,66,0.27972725134300097,intermediate,111.0,age,Harsh,2002
26,57,66,0.051784452617714055,patient,111.0,age,Harsh,2002
96,57,66,0.31927263894345376,intermediate,111.0,age,Harsh,2002
46,58,67,0.2697656534197326,intermediate,110.0,age,Harsh,2002
27,58,67,0.25746673800231795,intermediate,110.0,age,Harsh,2002
47,60,69,0.3359745436312053,intermediate,66.0,age,Harsh,2002
51,60,69,0.17085655056498394,patient,108.0,age,Harsh,2002
32,60,69,0.3674275150023891,impulsive,66.0,age,Harsh,2002
73,61,70,0.43802578344173504,impulsive,67.0,age,Harsh,2002
99,62,71,0.23303852042612866,intermediate,106.0,age,Harsh,2002
16,63,72,0.26437447067976383,intermediate,105.0,age,Harsh,2002
39,63,72,0.25692779316532144,intermediate,105.0,age,Harsh,2002
31,66,75,0.2631003532980149,intermediate,122.0,age,Harsh,2002
86,69,78,0.20409541414390042,intermediate,119.0,age,Harsh,2002
35,69,78,0.4999891529945497,impulsive,75.0,age,Harsh,2002
21,72,81,0.14866976602608364,patient,136.0,age,Harsh,2002
30,73,82,0.37960391776723623,impulsive,79.0,age,Harsh,2002
52,74,83,0.06783367100107758,patient,134.0,age,Harsh,2002
62,76,85,0.1315723651826099,patient,132.0,age,Harsh,2002
57,79,88,0.37847100138112394,impulsive,85.0,age,Harsh,2002
98,80,89,0.2733735985393665,intermediate,148.0,age,Harsh,2002
25,82,91,0.2941326083861656,intermediate,146.0,age,Harsh,2002
2,83,92,0.4462283418549979,impulsive,89.0,age,Harsh,2002
55,84,93,0.1277284184002064,patient,144.0,age,Harsh,2002
94,84,93,0.05297999541355872,patient,144.0,age,Harsh,2002
9,84,93,0.2287436684344249,intermediate,144.0,age,Harsh,2002
91,85,94,0.1882819785652471,patient,163.0,age,Harsh,2002
1,89,98,0.3998763817429468,impulsive,95.0,age,Harsh,2002
24,89,98,0.05035885447308988,patient,159.0,age,Harsh,2002
59,90,99,0.2142013282507264,intermediate,158.0,age,Harsh,2002
23,93,102,0.19434596020842054,patient,175.0,age,Harsh,2002
14,1,10,0.28343468083168316,intermediate,7.0,age,Harsh,2003
96,2,11,0.2747482634568365,intermediate,6.0,age,Harsh,2003
8,2,11,0.28145981566483086,intermediate,6.0,age,Harsh,2003
11,3,12,0.16714640236506653,patient,5.0,age,Harsh,2003
31,3,12,0.2938093297177381,intermediate,5.0,age,Harsh,2003
77,3,12,0.35271326790230284,impulsive,9.0,age,Harsh,2003
42,4,13,0.271439513889941,intermediate,4.0,age,Harsh,2003
37,5,14,0.4040190678753108,impulsive,11.0,age,Harsh,2003
63,5,14,0.3342746346851513,intermediate,11.0,age,Harsh,2003
30,5,14,0.3309479571120897,intermediate,11.0,age,Harsh,2003
10,5,14,0.3368430394809216,intermediate,11.0,age,Harsh,2003
53,5,14,0.3771665812591277,impulsive,11.0,age,Harsh,2003
13,6,15,0.15994783956120998,patient,2.0,age,Harsh,2003
61,6,15,0.4999243391347652,impulsive,12.0,age,Harsh,2003
50,7,16,0.06633458227376181,patient,1.0,age,Harsh,2003
62,7,16,0.35532926741609516,impulsive,13.0,age,Harsh,2003
97,11,20,0.4944765525626364,impulsive,17.0,age,Harsh,2003
36,11,20,0.18719870090699364,patient,17.0,age,Harsh,2003
59,11,20,0.15066207953356148,patient,17.0,age,Harsh,2003
73,11,20,0.1290145344714642,patient,17.0,age,Harsh,2003
12,12,21,0.4638202430264128,impulsive,18.0,age,Harsh,2003
75,12,21,0.1392235681540496,patient,16.0,age,Harsh,2003
27,15,24,0.35981027803895094,impulsive,21.0,age,Harsh,2003
28,15,24,0.1701561457757771,patient,33.0,age,Harsh,2003
24,19,28,0.4195771569882775,impulsive,25.0,age,Harsh,2003
33,22,31,0.3037277569150505,intermediate,46.0,age,Harsh,2003
15,27,36,0.3445020479728371,intermediate,33.0,age,Harsh,2003
85,27,36,0.14469148696300027,patient,41.0,age,Harsh,2003
88,30,39,0.28410961797270745,intermediate,58.0,age,Harsh,2003
81,30,39,0.3700278116193229,impulsive,36.0,age,Harsh,2003
17,32,41,0.4287371041902008,impulsive,38.0,age,Harsh,2003
57,32,41,0.25413569813800324,intermediate,56.0,age,Harsh,2003
5,32,41,0.48265303306690593,impulsive,38.0,age,Harsh,2003
69,32,41,0.2570158966889705,intermediate,56.0,age,Harsh,2003
35,33,42,0.4566309880224685,impulsive,39.0,age,Harsh,2003
7,34,43,0.30760016628798165,intermediate,54.0,age,Harsh,2003
25,35,44,0.492339256206002,impulsive,41.0,age,Harsh,2003
93,35,44,0.2876461023195502,intermediate,53.0,age,Harsh,2003
6,36,45,0.07988142119865757,patient,72.0,age,Harsh,2003
51,36,45,0.1944736197225066,patient,72.0,age,Harsh,2003
18,37,46,0.10438815064672569,patient,71.0,age,Harsh,2003
49,37,46,0.4074558408682023,impulsive,43.0,age,Harsh,2003
38,39,48,0.16041210986777216,patient,69.0,age,Harsh,2003
71,39,48,0.2671931541089487,intermediate,69.0,age,Harsh,2003
89,39,48,0.11613425710539733,patient,69.0,age,Harsh,2003
34,39,48,0.2493512814306985,intermediate,69.0,age,Harsh,2003
79,40,49,0.13120962614800968,patient,68.0,age,Harsh,2003
66,41,50,0.2963508203400983,intermediate,67.0,age,Harsh,2003
92,42,51,0.2795328198002061,intermediate,66.0,age,Harsh,2003
3,42,51,0.0815029498150597,patient,66.0,age,Harsh,2003
56,43,52,0.15127005767596294,patient,85.0,age,Harsh,2003
95,45,54,0.14948821399018397,patient,83.0,age,Harsh,2003
29,48,57,0.15613320680343903,patient,80.0,age,Harsh,2003
90,49,58,0.3616536044121688,impulsive,55.0,age,Harsh,2003
98,49,58,0.3780746982380897,impulsive,55.0,age,Harsh,2003
44,51,60,0.1831480435446124,patient,97.0,age,Harsh,2003
22,51,60,0.48550342519984035,impulsive,57.0,age,Harsh,2003
20,52,61,0.3333556482267512,intermediate,58.0,age,Harsh,2003
19,52,61,0.3346190805205145,intermediate,58.0,age,Harsh,2003
65,53,62,0.23032457818602764,intermediate,95.0,age,Harsh,2003
52,53,62,0.36354358747089527,impulsive,59.0,age,Harsh,2003
48,54,63,0.3033413142475337,intermediate,94.0,age,Harsh,2003
26,55,64,0.14356847919450622,patient,93.0,age,Harsh,2003
9,56,65,0.2433036451713314,intermediate,92.0,age,Harsh,2003
72,57,66,0.12063518624128111,patient,111.0,age,Harsh,2003
4,57,66,0.3274373074785048,intermediate,111.0,age,Harsh,2003
84,58,67,0.15426417503608658,patient,110.0,age,Harsh,2003
87,59,68,0.2761871428189826,intermediate,109.0,age,Harsh,2003
60,60,69,0.295673025424879,intermediate,108.0,age,Harsh,2003
99,60,69,0.17793654938389064,patient,108.0,age,Harsh,2003
46,61,70,0.05874812728684917,patient,107.0,age,Harsh,2003
78,61,70,0.15639480563103986,patient,107.0,age,Harsh,2003
43,61,70,0.2696139561546212,intermediate,107.0,age,Harsh,2003
21,63,72,0.06317382936365143,patient,105.0,age,Harsh,2003
67,63,72,0.2839243015165,intermediate,105.0,age,Harsh,2003
91,63,72,0.11799342580615053,patient,105.0,age,Harsh,2003
70,63,72,0.22497962846908076,intermediate,105.0,age,Harsh,2003
86,64,73,0.17943017742273332,patient,124.0,age,Harsh,2003
58,64,73,0.3589752883449494,impulsive,70.0,age,Harsh,2003
68,65,74,0.07428478218045388,patient,123.0,age,Harsh,2003
45,66,75,0.34070600134277523,intermediate,72.0,age,Harsh,2003
0,68,77,0.10074367538760609,patient,120.0,age,Harsh,2003
55,71,80,0.16451382137233694,patient,137.0,age,Harsh,2003
54,71,80,0.4672554743803891,impulsive,77.0,age,Harsh,2003
64,71,80,0.354195306503637,impulsive,77.0,age,Harsh,2003
74,72,81,0.06029109455144665,patient,136.0,age,Harsh,2003
80,73,82,0.2509297955968441,intermediate,135.0,age,Harsh,2003
41,74,83,0.40091191638752066,impulsive,80.0,age,Harsh,2003
23,75,84,0.45867929131926816,impulsive,81.0,age,Harsh,2003
47,75,84,0.06714611003552097,patient,133.0,age,Harsh,2003
40,78,87,0.3180717006835169,intermediate,150.0,age,Harsh,2003
2,78,87,0.3662231093274493,impulsive,84.0,age,Harsh,2003
32,79,88,0.45016994231006086,impulsive,85.0,age,Harsh,2003
82,82,91,0.344510964250626,intermediate,88.0,age,Harsh,2003
94,83,92,0.1475904155839422,patient,145.0,age,Harsh,2003
39,87,96,0.3148141466012937,intermediate,161.0,age,Harsh,2003
83,89,98,0.11235749981868468,patient,159.0,age,Harsh,2003
1,99,108,0.17771268589851663,patient,189.0,age,Harsh,2003
24,1,10,0.32127853068542295,intermediate,7.0,age,Harsh,2004
46,1,10,0.24522780083958895,intermediate,7.0,age,Harsh,2004
40,2,11,0.2679198237680377,intermediate,6.0,age,Harsh,2004
82,3,12,0.2343279840294918,intermediate,5.0,age,Harsh,2004
60,4,13,0.3464042999653729,intermediate,10.0,age,Harsh,2004
78,4,13,0.15642405195100378,patient,4.0,age,Harsh,2004
80,4,13,0.38572351077739936,impulsive,10.0,age,Harsh,2004
85,4,13,0.4479044811160832,impulsive,10.0,age,Harsh,2004
76,4,13,0.3300679796035398,intermediate,10.0,age,Harsh,2004
34,6,15,0.34871037194666427,intermediate,12.0,age,Harsh,2004
8,7,16,0.20564926094713304,intermediate,1.0,age,Harsh,2004
35,7,16,0.2844689797512464,intermediate,1.0,age,Harsh,2004
54,9,18,0.3826209255752512,impulsive,15.0,age,Harsh,2004
42,9,18,0.196396984121315,patient,19.0,age,Harsh,2004
49,10,19,0.3188180691204956,intermediate,18.0,age,Harsh,2004
81,11,20,0.3345007326753768,intermediate,17.0,age,Harsh,2004
15,12,21,0.3179648112811269,intermediate,16.0,age,Harsh,2004
73,12,21,0.2449453134881921,intermediate,16.0,age,Harsh,2004
95,12,21,0.2364785348626966,intermediate,16.0,age,Harsh,2004
63,14,23,0.19664109722951667,patient,14.0,age,Harsh,2004
7,15,24,0.33226148600851063,intermediate,21.0,age,Harsh,2004
53,15,24,0.2568605488017936,intermediate,33.0,age,Harsh,2004
56,16,25,0.15646906984818804,patient,32.0,age,Harsh,2004
22,16,25,0.1407244987350927,patient,32.0,age,Harsh,2004
12,18,27,0.07738322419967861,patient,30.0,age,Harsh,2004
59,20,29,0.2997816480344567,intermediate,28.0,age,Harsh,2004
43,20,29,0.06321254769413508,patient,28.0,age,Harsh,2004
89,21,30,0.2930164034068918,intermediate,27.0,age,Harsh,2004
77,22,31,0.13993538620354534,patient,46.0,age,Harsh,2004
37,22,31,0.13635060983811037,patient,46.0,age,Harsh,2004
16,23,32,0.27360057116911246,intermediate,45.0,age,Harsh,2004
57,28,37,0.23176923941623967,intermediate,40.0,age,Harsh,2004
27,28,37,0.1066764675370105,patient,40.0,age,Harsh,2004
4,29,38,0.4525762124122191,impulsive,35.0,age,Harsh,2004
93,29,38,0.3454659308428886,intermediate,35.0,age,Harsh,2004
87,31,40,0.30015493141491834,intermediate,57.0,age,Harsh,2004
64,31,40,0.410046691692104,impulsive,37.0,age,Harsh,2004
21,32,41,0.26519493776370623,intermediate,56.0,age,Harsh,2004
92,32,41,0.26451356466391757,intermediate,56.0,age,Harsh,2004
70,33,42,0.4594147823793395,impulsive,39.0,age,Harsh,2004
61,33,42,0.2295345183868967,intermediate,55.0,age,Harsh,2004
55,34,43,0.16050141162616416,patient,54.0,age,Harsh,2004
91,34,43,0.08010805945418598,patient,54.0,age,Harsh,2004
39,35,44,0.30609923086068297,intermediate,53.0,age,Harsh,2004
79,36,45,0.3557467795075293,impulsive,42.0,age,Harsh,2004
31,37,46,0.25515934601053264,intermediate,71.0,age,Harsh,2004
29,37,46,0.14540536505272939,patient,71.0,age,Harsh,2004
72,38,47,0.40317644585220885,impulsive,44.0,age,Harsh,2004
14,39,48,0.2044927253560076,intermediate,69.0,age,Harsh,2004
97,42,51,0.38916767057052737,impulsive,48.0,age,Harsh,2004
51,42,51,0.37971856344452504,impulsive,48.0,age,Harsh,2004
90,45,54,0.27960443819969844,intermediate,83.0,age,Harsh,2004
32,45,54,0.22802743140938764,intermediate,83.0,age,Harsh,2004
50,45,54,0.3260268783721164,intermediate,83.0,age,Harsh,2004
65,46,55,0.4494447702336074,impulsive,52.0,age,Harsh,2004
36,51,60,0.3848937271609542,impulsive,57.0,age,Harsh,2004
33,51,60,0.40088086749812457,impulsive,57.0,age,Harsh,2004
62,52,61,0.4863745006565857,impulsive,58.0,age,Harsh,2004
68,52,61,0.25400558818022867,intermediate,96.0,age,Harsh,2004
13,52,61,0.37028050824386005,impulsive,58.0,age,Harsh,2004
75,52,61,0.1643285916025995,patient,96.0,age,Harsh,2004
2,53,62,0.28679071456712846,intermediate,95.0,age,Harsh,2004
83,54,63,0.23296129771452384,intermediate,94.0,age,Harsh,2004
3,54,63,0.12144761801136512,patient,94.0,age,Harsh,2004
6,54,63,0.3269536017865442,intermediate,94.0,age,Harsh,2004
18,54,63,0.29981609873010073,intermediate,94.0,age,Harsh,2004
74,55,64,0.23532912763508856,intermediate,93.0,age,Harsh,2004
98,55,64,0.47860222510745554,impulsive,61.0,age,Harsh,2004
0,56,65,0.2860454842621313,intermediate,92.0,age,Harsh,2004
52,56,65,0.42961313385132416,impulsive,62.0,age,Harsh,2004
30,57,66,0.27491795532306773,intermediate,111.0,age,Harsh,2004
96,58,67,0.3011914749574032,intermediate,110.0,age,Harsh,2004
9,58,67,0.14500076253768956,patient,110.0,age,Harsh,2004
84,58,67,0.13723636445660414,patient,110.0,age,Harsh,2004
86,58,67,0.0776080824448171,patient,110.0,age,Harsh,2004
48,58,67,0.23358069546893018,intermediate,110.0,age,Harsh,2004
5,59,68,0.450171697462585,impulsive,65.0,age,Harsh,2004
71,59,68,0.1418400909315318,patient,109.0,age,Harsh,2004
44,60,69,0.12566715882847124,patient,108.0,age,Harsh,2004
20,60,69,0.17885113999793828,patient,108.0,age,Harsh,2004
66,61,70,0.339302258505106,intermediate,67.0,age,Harsh,2004
69,61,70,0.12123409981371609,patient,107.0,age,Harsh,2004
17,62,71,0.07413890031655647,patient,106.0,age,Harsh,2004
47,62,71,0.3694460736170818,impulsive,68.0,age,Harsh,2004
23,62,71,0.2861534679903263,intermediate,106.0,age,Harsh,2004
45,63,72,0.3259610911679334,intermediate,105.0,age,Harsh,2004
11,65,74,0.3782354198681273,impulsive,71.0,age,Harsh,2004
10,66,75,0.2757748669180162,intermediate,122.0,age,Harsh,2004
58,66,75,0.47810405707201636,impulsive,72.0,age,Harsh,2004
1,66,75,0.47383517970620714,impulsive,72.0,age,Harsh,2004
41,67,76,0.1039919622152087,patient,121.0,age,Harsh,2004
28,71,80,0.1624328840935646,patient,137.0,age,Harsh,2004
94,74,83,0.2845208083502458,intermediate,134.0,age,Harsh,2004
99,74,83,0.46480385097002475,impulsive,80.0,age,Harsh,2004
67,78,87,0.30495492376247324,intermediate,150.0,age,Harsh,2004
88,98,107,0.1618264122246782,patient,170.0,age,Harsh,2004
26,101,110,0.13365180076628344,patient,187.0,age,Harsh,2004
19,103,112,0.2861869714160612,intermediate,185.0,age,Harsh,2004
38,104,113,0.15075534211507247,patient,184.0,age,Harsh,2004
8,1,10,0.2319062510218775,intermediate,7.0,age,Harsh,2005
86,4,13,0.07557937583409996,patient,4.0,age,Harsh,2005
91,5,14,0.4109707762275047,impulsive,11.0,age,Harsh,2005
58,6,15,0.30517472148311015,intermediate,2.0,age,Harsh,2005
76,6,15,0.3553537832630518,impulsive,12.0,age,Harsh,2005
49,8,17,0.26885149584423235,intermediate,20.0,age,Harsh,2005
70,9,18,0.22132135266097774,intermediate,19.0,age,Harsh,2005
12,9,18,0.41224674550654294,impulsive,15.0,age,Harsh,2005
83,10,19,0.3770154576796939,impulsive,16.0,age,Harsh,2005
44,10,19,0.09319372992371328,patient,18.0,age,Harsh,2005
0,10,19,0.25266694878122964,intermediate,18.0,age,Harsh,2005
40,11,20,0.3279433128057254,intermediate,17.0,age,Harsh,2005
48,13,22,0.1366787794142162,patient,15.0,age,Harsh,2005
71,17,26,0.06140060531852845,patient,31.0,age,Harsh,2005
42,18,27,0.42804519158639215,impulsive,24.0,age,Harsh,2005
65,18,27,0.32564480023709835,intermediate,30.0,age,Harsh,2005
97,18,27,0.4626685163574122,impulsive,24.0,age,Harsh,2005
22,18,27,0.2341719000891085,intermediate,30.0,age,Harsh,2005
52,19,28,0.4089523021817446,impulsive,25.0,age,Harsh,2005
34,21,30,0.4104794828614334,impulsive,27.0,age,Harsh,2005
73,21,30,0.3879770899648032,impulsive,27.0,age,Harsh,2005
15,25,34,0.42875454733973917,impulsive,31.0,age,Harsh,2005
54,26,35,0.26632480450536855,intermediate,42.0,age,Harsh,2005
14,27,36,0.38538887649616965,impulsive,33.0,age,Harsh,2005
5,27,36,0.1691156254976726,patient,41.0,age,Harsh,2005
30,30,39,0.24667538087458146,intermediate,58.0,age,Harsh,2005
72,32,41,0.46514908707627967,impulsive,38.0,age,Harsh,2005
82,34,43,0.08835371378711257,patient,54.0,age,Harsh,2005
88,35,44,0.34183161837730275,intermediate,41.0,age,Harsh,2005
99,35,44,0.055888385171721476,patient,53.0,age,Harsh,2005
69,36,45,0.21771597637796997,intermediate,72.0,age,Harsh,2005
37,37,46,0.1496011945964505,patient,71.0,age,Harsh,2005
36,37,46,0.15971061897098293,patient,71.0,age,Harsh,2005
24,38,47,0.1555306768738098,patient,70.0,age,Harsh,2005
95,43,52,0.42280475266018036,impulsive,49.0,age,Harsh,2005
68,44,53,0.16131355467147224,patient,84.0,age,Harsh,2005
62,45,54,0.1984278502092342,patient,83.0,age,Harsh,2005
26,45,54,0.10799846340887519,patient,83.0,age,Harsh,2005
80,46,55,0.28232147651744294,intermediate,82.0,age,Harsh,2005
21,47,56,0.10927877883852298,patient,81.0,age,Harsh,2005
59,49,58,0.23529278751678145,intermediate,79.0,age,Harsh,2005
87,49,58,0.4675788578265111,impulsive,55.0,age,Harsh,2005
1,49,58,0.14425770125570744,patient,79.0,age,Harsh,2005
43,50,59,0.06654892573409778,patient,98.0,age,Harsh,2005
29,50,59,0.39645818222699275,impulsive,56.0,age,Harsh,2005
64,51,60,0.12840630735736752,patient,97.0,age,Harsh,2005
79,51,60,0.3604982500223009,impulsive,57.0,age,Harsh,2005
35,52,61,0.39781738706190367,impulsive,58.0,age,Harsh,2005
11,52,61,0.08356632919744264,patient,96.0,age,Harsh,2005
85,52,61,0.3879837939603094,impulsive,58.0,age,Harsh,2005
7,52,61,0.3892768811697801,impulsive,58.0,age,Harsh,2005
94,52,61,0.4419056425725704,impulsive,58.0,age,Harsh,2005
50,52,61,0.17312525687511884,patient,96.0,age,Harsh,2005
75,52,61,0.0768395080583042,patient,96.0,age,Harsh,2005
38,53,62,0.4644883291041717,impulsive,59.0,age,Harsh,2005
4,53,62,0.10419022704556405,patient,95.0,age,Harsh,2005
31,53,62,0.14530869097347382,patient,95.0,age,Harsh,2005
13,53,62,0.15221717134141544,patient,95.0,age,Harsh,2005
77,54,63,0.26063120004278606,intermediate,94.0,age,Harsh,2005
90,54,63,0.08182468217260891,patient,94.0,age,Harsh,2005
33,54,63,0.2643352139318748,intermediate,94.0,age,Harsh,2005
96,54,63,0.272375300956668,intermediate,94.0,age,Harsh,2005
39,57,66,0.4024715244503965,impulsive,63.0,age,Harsh,2005
53,57,66,0.19533156175815275,patient,111.0,age,Harsh,2005
61,57,66,0.46140425471786894,impulsive,63.0,age,Harsh,2005
63,57,66,0.4644786499375705,impulsive,63.0,age,Harsh,2005
16,57,66,0.14602271546045,patient,111.0,age,Harsh,2005
9,58,67,0.1933408773086852,patient,110.0,age,Harsh,2005
84,58,67,0.36648578965867745,impulsive,64.0,age,Harsh,2005
18,59,68,0.3359778554719381,intermediate,65.0,age,Harsh,2005
57,59,68,0.1264703869449019,patient,109.0,age,Harsh,2005
25,59,68,0.34478612914703294,intermediate,65.0,age,Harsh,2005
32,60,69,0.39065085081174633,impulsive,66.0,age,Harsh,2005
17,61,70,0.4549855788798333,impulsive,67.0,age,Harsh,2005
60,61,70,0.4720698259970765,impulsive,67.0,age,Harsh,2005
47,62,71,0.30568327576705295,intermediate,106.0,age,Harsh,2005
78,62,71,0.3257232846357201,intermediate,106.0,age,Harsh,2005
56,62,71,0.07101810655652062,patient,106.0,age,Harsh,2005
55,63,72,0.3107121295683817,intermediate,105.0,age,Harsh,2005
46,63,72,0.26680684124543824,intermediate,105.0,age,Harsh,2005
51,64,73,0.10170334887859905,patient,124.0,age,Harsh,2005
27,65,74,0.3934295686750972,impulsive,71.0,age,Harsh,2005
2,67,76,0.15635275394226433,patient,121.0,age,Harsh,2005
10,67,76,0.2966258511525174,intermediate,121.0,age,Harsh,2005
6,69,78,0.06420759766123206,patient,119.0,age,Harsh,2005
45,70,79,0.31821195596879126,intermediate,118.0,age,Harsh,2005
28,72,81,0.4828469839433288,impulsive,78.0,age,Harsh,2005
98,74,83,0.411587569400369,impulsive,80.0,age,Harsh,2005
67,74,83,0.10035332817726461,patient,134.0,age,Harsh,2005
81,76,85,0.33072997618671374,intermediate,82.0,age,Harsh,2005
93,79,88,0.47915316767201765,impulsive,85.0,age,Harsh,2005
92,82,91,0.21897290630674943,intermediate,146.0,age,Harsh,2005
89,82,91,0.31378324706483657,intermediate,146.0,age,Harsh,2005
66,84,93,0.25412991640681853,intermediate,144.0,age,Harsh,2005
20,87,96,0.31623218223653865,intermediate,161.0,age,Harsh,2005
19,93,102,0.3240491195563601,intermediate,175.0,age,Harsh,2005
3,104,113,0.48710786823264296,impulsive,110.0,age,Harsh,2005
23,104,113,0.4979046847418069,impulsive,110.0,age,Harsh,2005
34,2,11,0.16108747574203897,patient,6.0,age,Harsh,2006
38,2,11,0.490169620050993,impulsive,8.0,age,Harsh,2006
2,3,12,0.34112816088517045,intermediate,9.0,age,Harsh,2006
40,4,13,0.20648017481050318,intermediate,4.0,age,Harsh,2006
59,4,13,0.12390391015422149,patient,4.0,age,Harsh,2006
67,4,13,0.2656810606382649,intermediate,4.0,age,Harsh,2006
73,5,14,0.05048838755429266,patient,3.0,age,Harsh,2006
1,5,14,0.19538506153034713,patient,3.0,age,Harsh,2006
3,6,15,0.18110787597159678,patient,2.0,age,Harsh,2006
68,8,17,0.3374613890292011,intermediate,14.0,age,Harsh,2006
54,9,18,0.449421215789454,impulsive,15.0,age,Harsh,2006
26,10,19,0.052608252553419776,patient,18.0,age,Harsh,2006
78,12,21,0.25785251201790926,intermediate,16.0,age,Harsh,2006
29,12,21,0.47654640687877464,impulsive,18.0,age,Harsh,2006
82,13,22,0.2646112169300783,intermediate,15.0,age,Harsh,2006
51,14,23,0.4068235618324884,impulsive,20.0,age,Harsh,2006
63,15,24,0.2924464504954972,intermediate,33.0,age,Harsh,2006
81,16,25,0.29330572467384447,intermediate,32.0,age,Harsh,2006
6,17,26,0.22439340906529398,intermediate,31.0,age,Harsh,2006
88,19,28,0.26771473084690794,intermediate,29.0,age,Harsh,2006
39,19,28,0.12159247784659129,patient,29.0,age,Harsh,2006
31,20,29,0.06693013907665529,patient,28.0,age,Harsh,2006
7,20,29,0.4750951839835739,impulsive,26.0,age,Harsh,2006
56,21,30,0.4251914241203529,impulsive,27.0,age,Harsh,2006
96,22,31,0.4642989934336919,impulsive,28.0,age,Harsh,2006
30,25,34,0.3170882054608734,intermediate,43.0,age,Harsh,2006
77,27,36,0.15241541296046415,patient,41.0,age,Harsh,2006
10,28,37,0.33185854359335387,intermediate,34.0,age,Harsh,2006
94,29,38,0.43485711204568595,impulsive,35.0,age,Harsh,2006
4,30,39,0.47604245133694606,impulsive,36.0,age,Harsh,2006
83,30,39,0.08170576344286115,patient,58.0,age,Harsh,2006
50,32,41,0.2590884349135132,intermediate,56.0,age,Harsh,2006
72,33,42,0.23301788125516,intermediate,55.0,age,Harsh,2006
90,34,43,0.3114714303205269,intermediate,54.0,age,Harsh,2006
61,35,44,0.16752007928634605,patient,53.0,age,Harsh,2006
9,36,45,0.2346666797583159,intermediate,72.0,age,Harsh,2006
92,40,49,0.14863001747034754,patient,68.0,age,Harsh,2006
49,41,50,0.20573251502606232,intermediate,67.0,age,Harsh,2006
97,41,50,0.44625226871268076,impulsive,47.0,age,Harsh,2006
12,41,50,0.41025099439387414,impulsive,47.0,age,Harsh,2006
45,42,51,0.12159155554407723,patient,66.0,age,Harsh,2006
0,42,51,0.2996847363336682,intermediate,66.0,age,Harsh,2006
93,44,53,0.11380166991832652,patient,84.0,age,Harsh,2006
43,46,55,0.10147381412335071,patient,82.0,age,Harsh,2006
66,46,55,0.1265925634123326,patient,82.0,age,Harsh,2006
60,47,56,0.31581922379296273,intermediate,81.0,age,Harsh,2006
23,47,56,0.36426269604625877,impulsive,53.0,age,Harsh,2006
80,49,58,0.3331598383003306,intermediate,55.0,age,Harsh,2006
84,50,59,0.3032790125875995,intermediate,98.0,age,Harsh,2006
20,51,60,0.3478454278085723,intermediate,57.0,age,Harsh,2006
15,51,60,0.32990081193453025,intermediate,57.0,age,Harsh,2006
35,51,60,0.225898946962048,intermediate,97.0,age,Harsh,2006
75,52,61,0.12645335672080177,patient,96.0,age,Harsh,2006
55,52,61,0.22001500457479634,intermediate,96.0,age,Harsh,2006
28,53,62,0.36648402667473645,impulsive,59.0,age,Harsh,2006
42,54,63,0.18531315063923232,patient,94.0,age,Harsh,2006
85,54,63,0.18720071428881557,patient,94.0,age,Harsh,2006
53,56,65,0.34452104941054573,intermediate,62.0,age,Harsh,2006
76,56,65,0.14949453007566194,patient,92.0,age,Harsh,2006
36,58,67,0.11408247193959516,patient,110.0,age,Harsh,2006
47,58,67,0.48649582242335043,impulsive,64.0,age,Harsh,2006
25,58,67,0.2109784015410181,intermediate,110.0,age,Harsh,2006
16,59,68,0.1412617142359232,patient,109.0,age,Harsh,2006
65,59,68,0.08651314891725682,patient,109.0,age,Harsh,2006
27,59,68,0.3839492130536816,impulsive,65.0,age,Harsh,2006
99,59,68,0.19506666619901414,patient,109.0,age,Harsh,2006
48,61,70,0.17819209964864685,patient,107.0,age,Harsh,2006
70,61,70,0.2684216449364736,intermediate,107.0,age,Harsh,2006
17,62,71,0.1902830398972546,patient,106.0,age,Harsh,2006
98,62,71,0.4699800222037363,impulsive,68.0,age,Harsh,2006
64,63,72,0.09302427846468325,patient,105.0,age,Harsh,2006
69,63,72,0.35685503738936564,impulsive,69.0,age,Harsh,2006
95,64,73,0.07172501235472858,patient,124.0,age,Harsh,2006
74,64,73,0.24380725083879928,intermediate,124.0,age,Harsh,2006
57,66,75,0.20693908166449992,intermediate,122.0,age,Harsh,2006
22,68,77,0.168079254633138,patient,120.0,age,Harsh,2006
33,68,77,0.1987852618403969,patient,120.0,age,Harsh,2006
13,68,77,0.46060887021951186,impulsive,74.0,age,Harsh,2006
87,68,77,0.41385592284516853,impulsive,74.0,age,Harsh,2006
37,69,78,0.25315407348649643,intermediate,119.0,age,Harsh,2006
44,69,78,0.41042271199942315,impulsive,75.0,age,Harsh,2006
91,70,79,0.07281174155499193,patient,118.0,age,Harsh,2006
62,71,80,0.36881851583006975,impulsive,77.0,age,Harsh,2006
79,72,81,0.3816292683308274,impulsive,78.0,age,Harsh,2006
52,73,82,0.15384836262251264,patient,135.0,age,Harsh,2006
46,74,83,0.08463280496207926,patient,134.0,age,Harsh,2006
21,76,85,0.3779777575332106,impulsive,82.0,age,Harsh,2006
89,78,87,0.41622859170418497,impulsive,84.0,age,Harsh,2006
24,78,87,0.09690215795761206,patient,150.0,age,Harsh,2006
41,78,87,0.26821811092900666,intermediate,150.0,age,Harsh,2006
11,79,88,0.4862138462350754,impulsive,85.0,age,Harsh,2006
18,83,92,0.45697793593888736,impulsive,89.0,age,Harsh,2006
8,86,95,0.18615690046164296,patient,162.0,age,Harsh,2006
58,87,96,0.15336104301926218,patient,161.0,age,Harsh,2006
32,88,97,0.10018974540139222,patient,160.0,age,Harsh,2006
86,92,101,0.31831556365909486,intermediate,176.0,age,Harsh,2006
71,94,103,0.47488736312412094,impulsive,100.0,age,Harsh,2006
19,96,105,0.4171302095815341,impulsive,102.0,age,Harsh,2006
5,97,106,0.413892392494657,impulsive,103.0,age,Harsh,2006
14,101,110,0.2556878599226355,intermediate,187.0,age,Harsh,2006
73,1,10,0.2618310659108669,intermediate,7.0,age,Harsh,2007
86,3,12,0.13846318295290583,patient,5.0,age,Harsh,2007
34,3,12,0.17917388659032468,patient,5.0,age,Harsh,2007
3,3,12,0.07646625646741248,patient,5.0,age,Harsh,2007
1,4,13,0.4353793452525068,impulsive,10.0,age,Harsh,2007
30,5,14,0.05147212989749946,patient,3.0,age,Harsh,2007
20,5,14,0.2871361745476214,intermediate,3.0,age,Harsh,2007
25,6,15,0.08094357751541777,patient,2.0,age,Harsh,2007
42,7,16,0.47286603468513555,impulsive,13.0,age,Harsh,2007
22,7,16,0.22388007205811622,intermediate,1.0,age,Harsh,2007
96,8,17,0.26691013654030704,intermediate,20.0,age,Harsh,2007
18,9,18,0.4515682726054461,impulsive,15.0,age,Harsh,2007
51,10,19,0.3786457630338279,impulsive,16.0,age,Harsh,2007
76,10,19,0.46903875614380947,impulsive,16.0,age,Harsh,2007
50,11,20,0.19160038723155703,patient,17.0,age,Harsh,2007
89,11,20,0.14163921741293495,patient,17.0,age,Harsh,2007
37,13,22,0.2118304726805017,intermediate,15.0,age,Harsh,2007
14,13,22,0.4825282265799989,impulsive,19.0,age,Harsh,2007
77,14,23,0.2982198340914817,intermediate,14.0,age,Harsh,2007
47,14,23,0.4819135121217795,impulsive,20.0,age,Harsh,2007
55,16,25,0.24495131703766354,intermediate,32.0,age,Harsh,2007
81,18,27,0.30854329394558233,intermediate,30.0,age,Harsh,2007
62,18,27,0.19128712667278602,patient,30.0,age,Harsh,2007
60,22,31,0.33129038510856523,intermediate,28.0,age,Harsh,2007
36,22,31,0.27527588082449933,intermediate,46.0,age,Harsh,2007
35,23,32,0.34033849220524937,intermediate,29.0,age,Harsh,2007
56,24,33,0.16209221873744878,patient,44.0,age,Harsh,2007
24,25,34,0.07899418568382732,patient,43.0,age,Harsh,2007
61,25,34,0.23279583182883995,intermediate,43.0,age,Harsh,2007
85,27,36,0.2647054402869725,intermediate,41.0,age,Harsh,2007
43,28,37,0.43176198293096724,impulsive,34.0,age,Harsh,2007
17,28,37,0.11410309240253072,patient,40.0,age,Harsh,2007
93,29,38,0.36702278985390524,impulsive,35.0,age,Harsh,2007
40,30,39,0.12082676622303978,patient,58.0,age,Harsh,2007
84,31,40,0.10588098058714715,patient,57.0,age,Harsh,2007
65,32,41,0.37381033707219996,impulsive,38.0,age,Harsh,2007
59,32,41,0.4803166665781971,impulsive,38.0,age,Harsh,2007
72,33,42,0.4726803477929449,impulsive,39.0,age,Harsh,2007
91,33,42,0.35164770256868444,impulsive,39.0,age,Harsh,2007
12,35,44,0.4700645510799688,impulsive,41.0,age,Harsh,2007
19,36,45,0.24871937051765802,intermediate,72.0,age,Harsh,2007
95,36,45,0.17998513275145905,patient,72.0,age,Harsh,2007
29,37,46,0.22860485613932663,intermediate,71.0,age,Harsh,2007
57,37,46,0.05413578284372341,patient,71.0,age,Harsh,2007
26,40,49,0.49007255199352334,impulsive,46.0,age,Harsh,2007
23,41,50,0.4707809712159403,impulsive,47.0,age,Harsh,2007
31,43,52,0.4346693019836939,impulsive,49.0,age,Harsh,2007
67,44,53,0.4045649107968356,impulsive,50.0,age,Harsh,2007
64,46,55,0.09590152508937227,patient,82.0,age,Harsh,2007
32,46,55,0.2692762604780304,intermediate,82.0,age,Harsh,2007
79,48,57,0.43263890832779006,impulsive,54.0,age,Harsh,2007
94,48,57,0.4549934422057466,impulsive,54.0,age,Harsh,2007
44,48,57,0.14917960794845894,patient,80.0,age,Harsh,2007
0,50,59,0.14120493270152684,patient,98.0,age,Harsh,2007
87,50,59,0.4255521325645138,impulsive,56.0,age,Harsh,2007
9,52,61,0.44486494328075027,impulsive,58.0,age,Harsh,2007
80,52,61,0.0713220887661809,patient,96.0,age,Harsh,2007
48,52,61,0.11475738461073759,patient,96.0,age,Harsh,2007
39,53,62,0.13390333629872078,patient,95.0,age,Harsh,2007
15,53,62,0.15558744088920917,patient,95.0,age,Harsh,2007
78,53,62,0.42554812690678634,impulsive,59.0,age,Harsh,2007
75,54,63,0.16642734024186695,patient,94.0,age,Harsh,2007
16,54,63,0.3106112766542041,intermediate,94.0,age,Harsh,2007
38,54,63,0.2888162335610062,intermediate,94.0,age,Harsh,2007
41,55,64,0.2820683387725379,intermediate,93.0,age,Harsh,2007
10,55,64,0.4745509644769355,impulsive,61.0,age,Harsh,2007
46,55,64,0.34937355869910364,intermediate,61.0,age,Harsh,2007
83,55,64,0.4929609365856807,impulsive,61.0,age,Harsh,2007
74,56,65,0.22609979478367798,intermediate,92.0,age,Harsh,2007
45,56,65,0.10709066924607757,patient,92.0,age,Harsh,2007
13,56,65,0.41269809026100585,impulsive,62.0,age,Harsh,2007
54,56,65,0.4670704741785305,impulsive,62.0,age,Harsh,2007
88,57,66,0.18534753759722122,patient,111.0,age,Harsh,2007
68,59,68,0.14690427775187545,patient,109.0,age,Harsh,2007
97,59,68,0.14679395207530532,patient,109.0,age,Harsh,2007
8,59,68,0.14514862565630635,patient,109.0,age,Harsh,2007
90,59,68,0.33636256584992846,intermediate,65.0,age,Harsh,2007
28,59,68,0.1965239618175511,patient,109.0,age,Harsh,2007
53,60,69,0.24907598530800207,intermediate,108.0,age,Harsh,2007
33,61,70,0.23002560177639997,intermediate,107.0,age,Harsh,2007
92,61,70,0.06940985724735016,patient,107.0,age,Harsh,2007
21,62,71,0.3185109081017316,intermediate,106.0,age,Harsh,2007
98,63,72,0.2501075373095154,intermediate,105.0,age,Harsh,2007
82,63,72,0.4231099095662644,impulsive,69.0,age,Harsh,2007
5,64,73,0.3743591398638129,impulsive,70.0,age,Harsh,2007
2,64,73,0.12469588515584695,patient,124.0,age,Harsh,2007
99,64,73,0.48475111814759037,impulsive,70.0,age,Harsh,2007
6,65,74,0.34888716345194604,intermediate,71.0,age,Harsh,2007
70,65,74,0.30694176671518153,intermediate,123.0,age,Harsh,2007
58,67,76,0.3541991098091197,impulsive,73.0,age,Harsh,2007
52,67,76,0.05169758124067827,patient,121.0,age,Harsh,2007
63,68,77,0.10554281445671412,patient,120.0,age,Harsh,2007
4,73,82,0.31203300271938,intermediate,135.0,age,Harsh,2007
69,78,87,0.1541712834473652,patient,150.0,age,Harsh,2007
7,90,99,0.4399881709351372,impulsive,96.0,age,Harsh,2007
71,97,106,0.3890449099887563,impulsive,103.0,age,Harsh,2007
49,109,118,0.4363684903384965,impulsive,115.0,age,Harsh,2007
99,2,11,0.2513783911190103,intermediate,6.0,age,Harsh,2008
66,2,11,0.34421409294895783,intermediate,8.0,age,Harsh,2008
76,4,13,0.38204601763360424,impulsive,10.0,age,Harsh,2008
42,4,13,0.35126464866633894,impulsive,10.0,age,Harsh,2008
20,5,14,0.43184984890348954,impulsive,11.0,age,Harsh,2008
32,5,14,0.1266281476201583,patient,3.0,age,Harsh,2008
6,5,14,0.11748823256289079,patient,3.0,age,Harsh,2008
89,6,15,0.41997977659880353,impulsive,12.0,age,Harsh,2008
3,6,15,0.45495510169458664,impulsive,12.0,age,Harsh,2008
44,6,15,0.23565467182455185,intermediate,2.0,age,Harsh,2008
13,8,17,0.40632383372674713,impulsive,14.0,age,Harsh,2008
35,8,17,0.2365718315730594,intermediate,20.0,age,Harsh,2008
46,10,19,0.320274167722804,intermediate,18.0,age,Harsh,2008
17,11,20,0.22650651610813388,intermediate,17.0,age,Harsh,2008
81,13,22,0.4352129089111007,impulsive,19.0,age,Harsh,2008
31,13,22,0.20152719348674403,intermediate,15.0,age,Harsh,2008
36,16,25,0.14195434764717024,patient,32.0,age,Harsh,2008
41,17,26,0.1834600778954621,patient,31.0,age,Harsh,2008
97,18,27,0.488391130498403,impulsive,24.0,age,Harsh,2008
60,18,27,0.35433757488420353,impulsive,24.0,age,Harsh,2008
98,18,27,0.4382408920807647,impulsive,24.0,age,Harsh,2008
91,18,27,0.3197913221205081,intermediate,30.0,age,Harsh,2008
34,18,27,0.23946506357848424,intermediate,30.0,age,Harsh,2008
47,21,30,0.39798914040991606,impulsive,27.0,age,Harsh,2008
38,21,30,0.10413787356844004,patient,27.0,age,Harsh,2008
78,21,30,0.24475911016766083,intermediate,27.0,age,Harsh,2008
39,23,32,0.09644532671247509,patient,45.0,age,Harsh,2008
70,24,33,0.10456862210645032,patient,44.0,age,Harsh,2008
96,25,34,0.1900747648288456,patient,43.0,age,Harsh,2008
1,26,35,0.09933575818507204,patient,42.0,age,Harsh,2008
50,26,35,0.29813546317624784,intermediate,42.0,age,Harsh,2008
21,26,35,0.49524439244103297,impulsive,32.0,age,Harsh,2008
9,27,36,0.4761290145416907,impulsive,33.0,age,Harsh,2008
79,28,37,0.30512055934144017,intermediate,40.0,age,Harsh,2008
87,29,38,0.12160666415279614,patient,59.0,age,Harsh,2008
14,29,38,0.3677958056739816,impulsive,35.0,age,Harsh,2008
67,30,39,0.23494752307836847,intermediate,58.0,age,Harsh,2008
22,30,39,0.3414570919938122,intermediate,36.0,age,Harsh,2008
65,30,39,0.2788959978912883,intermediate,58.0,age,Harsh,2008
80,33,42,0.4654939483709425,impulsive,39.0,age,Harsh,2008
18,33,42,0.4397885116470306,impulsive,39.0,age,Harsh,2008
19,34,43,0.3337764493613065,intermediate,40.0,age,Harsh,2008
48,35,44,0.10715024532287751,patient,53.0,age,Harsh,2008
23,36,45,0.14115427481644877,patient,72.0,age,Harsh,2008
40,36,45,0.26901122187644033,intermediate,72.0,age,Harsh,2008
10,36,45,0.3328977951790476,intermediate,42.0,age,Harsh,2008
16,37,46,0.35269310483573185,impulsive,43.0,age,Harsh,2008
90,37,46,0.1991095552429037,patient,71.0,age,Harsh,2008
51,38,47,0.2147139086573825,intermediate,70.0,age,Harsh,2008
82,38,47,0.28828019972483737,intermediate,70.0,age,Harsh,2008
54,38,47,0.0792245504158108,patient,70.0,age,Harsh,2008
69,40,49,0.4130251434862088,impulsive,46.0,age,Harsh,2008
59,42,51,0.32499238788167895,intermediate,66.0,age,Harsh,2008
33,43,52,0.3954973838754356,impulsive,49.0,age,Harsh,2008
56,45,54,0.30960381098590556,intermediate,83.0,age,Harsh,2008
57,46,55,0.20471404150242206,intermediate,82.0,age,Harsh,2008
29,47,56,0.18736150380851968,patient,81.0,age,Harsh,2008
24,47,56,0.07411068627156636,patient,81.0,age,Harsh,2008
61,48,57,0.20417035887365892,intermediate,80.0,age,Harsh,2008
84,50,59,0.4970606954067092,impulsive,56.0,age,Harsh,2008
0,50,59,0.4505080272589962,impulsive,56.0,age,Harsh,2008
26,50,59,0.05314804441412502,patient,98.0,age,Harsh,2008
68,51,60,0.4904341814945303,impulsive,57.0,age,Harsh,2008
77,51,60,0.20812460906238534,intermediate,97.0,age,Harsh,2008
94,52,61,0.39417910494785424,impulsive,58.0,age,Harsh,2008
93,53,62,0.09531826220475773,patient,95.0,age,Harsh,2008
62,53,62,0.3022707970863806,intermediate,95.0,age,Harsh,2008
43,54,63,0.2416921922250112,intermediate,94.0,age,Harsh,2008
28,54,63,0.21064407268496776,intermediate,94.0,age,Harsh,2008
86,55,64,0.34737240099860195,intermediate,61.0,age,Harsh,2008
74,56,65,0.38843295147665013,impulsive,62.0,age,Harsh,2008
72,56,65,0.25350962619549555,intermediate,92.0,age,Harsh,2008
45,57,66,0.17392743981811226,patient,111.0,age,Harsh,2008
4,57,66,0.14985337345303962,patient,111.0,age,Harsh,2008
64,58,67,0.21306179522597074,intermediate,110.0,age,Harsh,2008
11,59,68,0.41141655713276964,impulsive,65.0,age,Harsh,2008
37,62,71,0.14009151931237449,patient,106.0,age,Harsh,2008
71,63,72,0.4832270823193907,impulsive,69.0,age,Harsh,2008
52,63,72,0.2608656765840641,intermediate,105.0,age,Harsh,2008
55,66,75,0.38541161681737507,impulsive,72.0,age,Harsh,2008
85,67,76,0.1348208198779821,patient,121.0,age,Harsh,2008
15,68,77,0.2160293634221227,intermediate,120.0,age,Harsh,2008
7,68,77,0.40480904764371706,impulsive,74.0,age,Harsh,2008
95,70,79,0.4416585940987889,impulsive,76.0,age,Harsh,2008
88,71,80,0.10046902391309445,patient,137.0,age,Harsh,2008
5,72,81,0.30423915793268913,intermediate,136.0,age,Harsh,2008
83,72,81,0.1937947494949805,patient,136.0,age,Harsh,2008
53,75,84,0.197294459436832,patient,133.0,age,Harsh,2008
12,76,85,0.3055230524759834,intermediate,132.0,age,Harsh,2008
30,77,86,0.32825627033570887,intermediate,131.0,age,Harsh,2008
73,78,87,0.3628641345909019,impulsive,84.0,age,Harsh,2008
25,81,90,0.21311164373980807,intermediate,147.0,age,Harsh,2008
92,81,90,0.18415293169524471,patient,147.0,age,Harsh,2008
58,86,95,0.1368597469884404,patient,162.0,age,Harsh,2008
49,87,96,0.41867476207053306,impulsive,93.0,age,Harsh,2008
2,90,99,0.2161936935817823,intermediate,158.0,age,Harsh,2008
63,94,103,0.3319296239303085,intermediate,100.0,age,Harsh,2008
27,100,109,0.34667561898547555,intermediate,106.0,age,Harsh,2008
75,107,116,0.17536896359617093,patient,201.0,age,Harsh,2008
73,1,10,0.3244007336777277,intermediate,7.0,age,Harsh,2009
36,1,10,0.3171553892156866,intermediate,7.0,age,Harsh,2009
33,1,10,0.29958696059126916,intermediate,7.0,age,Harsh,2009
87,1,10,0.11997279997199392,patient,7.0,age,Harsh,2009
31,1,10,0.17223237899995789,patient,7.0,age,Harsh,2009
25,3,12,0.08143128989570857,patient,5.0,age,Harsh,2009
52,4,13,0.47306882146777623,impulsive,10.0,age,Harsh,2009
1,4,13,0.23608714211695864,intermediate,4.0,age,Harsh,2009
49,4,13,0.18590549403639728,patient,4.0,age,Harsh,2009
86,4,13,0.4388534898892686,impulsive,10.0,age,Harsh,2009
30,4,13,0.4382797208175649,impulsive,10.0,age,Harsh,2009
99,5,14,0.4081835260848978,impulsive,11.0,age,Harsh,2009
14,6,15,0.4188366971365755,impulsive,12.0,age,Harsh,2009
65,7,16,0.28104836734366123,intermediate,1.0,age,Harsh,2009
16,8,17,0.14610906537923862,patient,20.0,age,Harsh,2009
81,8,17,0.13295963701580882,patient,20.0,age,Harsh,2009
20,12,21,0.2922459716524497,intermediate,16.0,age,Harsh,2009
45,13,22,0.4494105898141101,impulsive,19.0,age,Harsh,2009
78,13,22,0.41606388024182195,impulsive,19.0,age,Harsh,2009
46,15,24,0.26880630153429713,intermediate,33.0,age,Harsh,2009
64,16,25,0.3010719293086872,intermediate,32.0,age,Harsh,2009
76,16,25,0.3741671007984065,impulsive,22.0,age,Harsh,2009
43,21,30,0.1274981678735086,patient,27.0,age,Harsh,2009
59,22,31,0.38669866531200286,impulsive,28.0,age,Harsh,2009
8,25,34,0.2764155332305118,intermediate,43.0,age,Harsh,2009
60,28,37,0.1575468838116803,patient,40.0,age,Harsh,2009
58,28,37,0.3299661405039639,intermediate,34.0,age,Harsh,2009
15,29,38,0.31896078412807766,intermediate,59.0,age,Harsh,2009
97,31,40,0.38446278805782275,impulsive,37.0,age,Harsh,2009
70,31,40,0.057113658864956035,patient,57.0,age,Harsh,2009
77,32,41,0.26781909655150365,intermediate,56.0,age,Harsh,2009
41,33,42,0.26471994553796524,intermediate,55.0,age,Harsh,2009
68,33,42,0.41931771047221444,impulsive,39.0,age,Harsh,2009
22,33,42,0.3703866009034185,impulsive,39.0,age,Harsh,2009
42,33,42,0.07610392033041063,patient,55.0,age,Harsh,2009
66,34,43,0.3830633862132227,impulsive,40.0,age,Harsh,2009
79,36,45,0.08310524261582908,patient,72.0,age,Harsh,2009
91,39,48,0.14376648592706343,patient,69.0,age,Harsh,2009
10,41,50,0.3009859301509401,intermediate,67.0,age,Harsh,2009
92,41,50,0.21090371946636355,intermediate,67.0,age,Harsh,2009
17,42,51,0.1305313760979372,patient,66.0,age,Harsh,2009
96,43,52,0.36944880000094255,impulsive,49.0,age,Harsh,2009
0,44,53,0.17249653140665702,patient,84.0,age,Harsh,2009
61,45,54,0.14771594132427834,patient,83.0,age,Harsh,2009
72,46,55,0.22313460152245373,intermediate,82.0,age,Harsh,2009
89,46,55,0.341625967478968,intermediate,52.0,age,Harsh,2009
9,46,55,0.1947215912197826,patient,82.0,age,Harsh,2009
51,46,55,0.23812462729301687,intermediate,82.0,age,Harsh,2009
84,46,55,0.2064167450770511,intermediate,82.0,age,Harsh,2009
55,46,55,0.39591282536911665,impulsive,52.0,age,Harsh,2009
95,47,56,0.13243305848671694,patient,81.0,age,Harsh,2009
54,47,56,0.4679254510084285,impulsive,53.0,age,Harsh,2009
11,47,56,0.3375865177688364,intermediate,53.0,age,Harsh,2009
53,47,56,0.1287432909421211,patient,81.0,age,Harsh,2009
39,48,57,0.32864190089333706,intermediate,80.0,age,Harsh,2009
37,48,57,0.48957697051955956,impulsive,54.0,age,Harsh,2009
67,51,60,0.21804650303392253,intermediate,97.0,age,Harsh,2009
19,51,60,0.34812584729181184,intermediate,57.0,age,Harsh,2009
27,52,61,0.1735891023111773,patient,96.0,age,Harsh,2009
57,52,61,0.1904555665842495,patient,96.0,age,Harsh,2009
80,52,61,0.4864791464913131,impulsive,58.0,age,Harsh,2009
93,52,61,0.1556253301945767,patient,96.0,age,Harsh,2009
88,52,61,0.09757521062824692,patient,96.0,age,Harsh,2009
85,53,62,0.21263360601133396,intermediate,95.0,age,Harsh,2009
47,54,63,0.05696414756325438,patient,94.0,age,Harsh,2009
28,54,63,0.3031629283990472,intermediate,94.0,age,Harsh,2009
26,54,63,0.14311366764402927,patient,94.0,age,Harsh,2009
7,54,63,0.3313734081782747,intermediate,60.0,age,Harsh,2009
74,55,64,0.3289813607877834,intermediate,61.0,age,Harsh,2009
23,56,65,0.2618861236563726,intermediate,92.0,age,Harsh,2009
71,57,66,0.16156195369087992,patient,111.0,age,Harsh,2009
75,57,66,0.24454321587180855,intermediate,111.0,age,Harsh,2009
90,57,66,0.21217744088395557,intermediate,111.0,age,Harsh,2009
13,58,67,0.2846488325499671,intermediate,110.0,age,Harsh,2009
2,58,67,0.41731359231259646,impulsive,64.0,age,Harsh,2009
44,59,68,0.3760448207994726,impulsive,65.0,age,Harsh,2009
34,59,68,0.3048123098549449,intermediate,109.0,age,Harsh,2009
18,60,69,0.33773189692695416,intermediate,66.0,age,Harsh,2009
5,60,69,0.444434286933356,impulsive,66.0,age,Harsh,2009
50,60,69,0.25546441016479315,intermediate,108.0,age,Harsh,2009
38,61,70,0.052622826726753,patient,107.0,age,Harsh,2009
21,61,70,0.37554333895380165,impulsive,67.0,age,Harsh,2009
62,61,70,0.15411598243681202,patient,107.0,age,Harsh,2009
32,66,75,0.3898622851757315,impulsive,72.0,age,Harsh,2009
4,67,76,0.45793059995313695,impulsive,73.0,age,Harsh,2009
94,68,77,0.23580850766063483,intermediate,120.0,age,Harsh,2009
82,69,78,0.42110392077074543,impulsive,75.0,age,Harsh,2009
6,70,79,0.27961973602338086,intermediate,118.0,age,Harsh,2009
56,71,80,0.45048526511349374,impulsive,77.0,age,Harsh,2009
69,72,81,0.39939482447799746,impulsive,78.0,age,Harsh,2009
3,79,88,0.11978433693007168,patient,149.0,age,Harsh,2009
98,80,89,0.2958455806623775,intermediate,148.0,age,Harsh,2009
63,81,90,0.4481616214216645,impulsive,87.0,age,Harsh,2009
83,82,91,0.34645850846436854,intermediate,88.0,age,Harsh,2009
12,86,95,0.48321071454588005,impulsive,92.0,age,Harsh,2009
24,96,105,0.3846563444823991,impulsive,102.0,age,Harsh,2009
40,106,115,0.3765019472879074,impulsive,112.0,age,Harsh,2009
35,106,115,0.11512174855007094,patient,202.0,age,Harsh,2009
